"CD_AnnotatedMembers","CD_AnnotatedMembers_Overlap","CD_AnnotatedMembers_Pvalue","CD_AnnotatedMembers_Size","CD_CommunityName","CD_Labeled","CD_MemberList","CD_MemberList_LogSize","CD_MemberList_Size","name","selected","shared name"
,"0.0","0.0","0",,"false","10 100 1000 1001 1002 1003 1004 1005 1006 1007 1008 1009 101 1010 1011 1012 1013 1014 1016 1017 1018 1019 102 1020 1021 1022 1023 1024 1025 1026 1027 1028 1029 103 1030 1031 1032 1033 1034 1035 1037 1038 1039 104 1040 1041 1042 1043 1044 1045 1046 1047 1048 1049 105 1050 1051 1052 1053 1055 1058 1059 106 1060 1061 1062 1063 1064 1065 1066 1067 1068 107 1070 1071 1072 1074 1075 1077 1078 1079 108 1080 1081 1082 1083 1084 1085 1086 1087 1088 1089 109 1090 1092 1093 1094 1095 1096 1097 1098 1099 11 110 1100 1101 1102 1103 1104 1105 1106 1107 1108 1109 111 1110 1111 1112 1113 1114 1115 112 1120 1123 1124 1125 1126 1127 1128 1129 113 1130 1131 1132 1133 1134 1135 1137 1138 1139 114 1140 1141 1142 1143 1144 1145 1146 1147 1148 115 1150 1151 1152 1154 1155 1156 1157 1158 1159 116 1160 1161 1164 1165 1166 1167 1168 1169 117 1170 1171 1172 1173 1174 1175 1176 1177 1178 1179 118 1180 1181 1182 1183 1184 1185 1186 1187 1188 1189 119 1190 1191 1192 1193 1194 1195 1196 1197 1198 1199 12 120 1200 1201 1202 1203 1204 1205 1206 1207 1208 1209 121 1210 1211 1212 1213 1214 1215 1216 1218 1219 122 1220 1221 1222 1223 1224 1225 1226 1227 1228 1229 123 1230 1231 1232 1233 1234 1235 1236 1237 1238 1239 124 1240 1241 1242 1243 1244 1245 1246 1247 1248 125 1250 1252 1253 1254 1255 1256 1257 1258 1259 126 1260 1261 1262 1264 1266 1267 1268 1269 127 1270 1271 1272 1273 1274 1275 1276 1277 1278 1279 128 1280 1281 1282 1284 1285 1286 1287 129 1290 1291 1292 1293 1294 1295 1296 1297 1298 1299 13 130 1300 1301 1302 1303 1304 1305 1306 1307 1308 1309 1310 1311 1312 1313 1314 1315 1316 1317 1318 1319 132 1320 1321 1322 1323 1324 1325 1326 1327 1328 1329 133 1330 1331 1332 1333 1334 1335 1336 1337 1338 1339 134 1340 1341 1342 1343 1344 1345 1346 1349 135 1350 1351 1352 1353 1354 1355 1356 1357 1358 1359 136 1360 1361 1362 1365 1366 1367 1368 1369 137 1370 1372 1373 1374 1375 1376 1377 1378 1379 138 1380 1381 1382 1383 1384 1385 1386 1387 1388 1389 139 1390 1391 1392 1393 1394 1395 1396 1397 1398 1399 14 140 1400 1401 1402 1403 1404 1405 1406 1407 1408 1409 141 1410 1411 1412 1413 1416 1418 1419 142 1420 1421 1422 1423 1424 1425 1426 1427 1428 1429 143 1430 1431 1432 1433 1434 1435 1436 1437 1438 1439 144 1440 1441 1442 1443 1444 1445 1446 1447 1448 1449 145 1450 1451 1452 1453 1454 1455 1456 1457 1458 1459 146 1460 1461 1462 1463 1464 1465 1466 1467 1468 1469 147 1470 1471 1472 1473 1474 1476 1478 1480 1481 1482 1483 1484 1485 1486 1487 1488 1489 149 1490 1492 1493 1494 1495 1496 1497 1498 1499 15 150 1500 1501 1502 1503 1504 1505 1506 1507 1509 151 1510 1511 1512 1513 1514 1515 1516 1517 1518 1519 152 1520 1521 1522 1523 1524 1525 1526 1527 1528 1529 153 1530 1531 1532 1533 1534 1535 1536 1537 1538 1539 154 1540 1541 1542 1543 1545 1546 1547 1548 1549 155 1550 1551 1552 1553 1554 1555 1556 1557 1558 1559 156 1560 1561 1563 1564 1565 1566 1568 1569 157 1570 1571 1572 1573 1574 1575 1576 1578 1579 158 1580 1581 1582 1583 1584 1585 1587 1588 1589 159 1590 1591 1592 1593 1594 1595 1596 1597 1599 16 160 1600 1601 1602 1603 1604 1605 1606 1607 1608 1609 161 1610 1611 1612 1613 1614 1615 1616 1617 1618 1619 162 1620 1621 1622 1623 1625 1626 1627 1628 1629 163 1630 1631 1632 1633 1634 1635 1636 1637 1638 1639 164 1641 1642 1643 1644 1645 1646 1647 1648 1649 165 1650 1651 1652 1653 1654 1655 1656 1657 1658 1659 166 1660 1661 1662 1663 1664 1665 1666 1667 1668 1669 167 1670 1671 1672 1674 1675 1676 1677 1678 1679 168 1680 1681 1682 1683 1684 1685 1686 1687 1688 1689 169 1690 1691 1692 1693 1694 1695 1696 1697 1698 1699 17 1700 1701 1703 1704 1705 1706 1707 1708 1709 171 1710 1711 1712 1713 1714 1715 1716 1717 1718 1719 172 1720 1721 1722 1723 1724 1725 1726 1728 1729 173 1730 1731 1732 1733 1734 1735 1736 1737 1738 1739 174 1740 1741 1742 1743 1744 1745 1746 1747 1748 1749 175 1751 1752 1753 1754 1755 1756 1757 1758 1759 176 1760 1761 1762 1763 1764 1765 1766 1767 1768 1769 177 1770 1771 1772 1773 1774 1775 1777 1778 178 1780 1781 1782 1783 1784 1785 1787 1788 1789 179 1790 1791 1792 1793 1794 1795 1796 1797 1798 1799 18 180 1800 1802 1803 1804 1805 1806 1807 1808 1809 181 1810 1811 1812 1813 1814 1816 1819 182 1820 1821 1822 1823 1825 1826 1827 1828 1829 183 1830 1831 1832 1833 1834 1835 1836 1837 1838 1839 1840 1841 1842 1844 1845 1846 1847 1848 1849 185 1852 1853 1855 1856 1857 1858 1859 1860 1861 1862 1863 1864 1865 1866 1867 1868 1869 187 1870 1871 1872 1873 1874 1875 1876 1879 188 1880 1881 1882 1883 1884 1885 1886 1887 1888 1889 189 1890 1891 1892 1893 1894 1895 1896 1897 1899 19 190 1900 1901 1902 1903 1905 1906 1907 1908 1909 191 1911 1912 1913 1914 1915 1916 1917 1918 1919 192 1920 1921 1922 1923 1924 1925 1926 1927 1928 1929 193 1930 1931 1932 1933 1934 1935 1937 1938 1939 194 1940 1941 1943 1944 1945 1946 1947 1948 195 1950 1951 1952 1953 1955 1956 1958 1959 196 1960 1961 1962 1963 1964 1965 1966 1967 1968 1969 197 1970 1971 1972 1973 1975 1976 1977 1978 1979 198 1980 1981 1982 1983 1984 1985 1986 1987 1988 1989 199 1990 1991 1992 1993 1994 1995 1996 1997 20 200 2000 2001 2002 2003 2004 2005 2007 2008 2009 201 2010 2011 2012 2013 2014 2015 2016 2017 2018 2019 202 2020 2021 2023 2024 2025 2026 2027 2028 2029 203 2030 2031 2032 2033 2034 2035 2036 2037 2038 204 2040 2041 2042 2044 2045 2047 2049 205 2050 2051 2052 2053 2054 2055 2056 2057 2058 2059 206 2060 2061 2062 2063 2064 2065 2066 2067 2068 2069 207 2070 2071 2072 2073 2076 2077 2079 208 2081 2082 2083 2084 2085 2086 2087 2088 2089 209 2090 2091 2092 2093 2094 2095 2096 2097 2099 21 210 2100 2101 2102 2103 2104 2105 2106 2108 2109 211 2110 2111 2112 2113 2114 2115 2116 2117 2118 2119 212 2120 2121 2125 2126 2127 2128 2129 213 2130 2131 2132 2133 2134 2135 2136 2137 2138 2139 214 2141 2142 2143 2144 2145 2146 2147 2148 2149 215 2150 2151 2152 2153 2155 2156 2157 2159 216 2160 2161 2163 2164 2165 2167 2168 2169 217 2170 2171 2172 2173 2174 2175 2176 2177 2178 2179 218 2180 2181 2182 2183 2184 2185 2186 2187 2188 2189 219 2190 2191 2192 2193 2194 2195 2196 2197 2198 2199 22 2200 2201 2202 2203 2204 2205 2206 2209 221 2210 2211 2212 2213 2214 2215 2216 2217 2218 2219 222 2221 2222 2223 2224 2225 2226 2227 2228 2229 223 2230 2231 2232 2233 2234 2235 2236 2237 2238 2239 224 2240 2241 2242 2243 2244 2246 2247 2249 225 2250 2251 2252 2253 2254 2255 2256 2257 2258 2259 226 2260 2261 2262 2264 2265 2266 2267 2268 2269 227 2270 2272 2273 2274 2276 2277 2278 228 2280 2281 2282 2283 2285 2286 2287 2288 2289 2290 2291 2292 2293 2294 2295 2296 2297 2298 2299 23 230 2300 2301 2302 2304 2305 2306 2307 2308 2309 231 2310 2311 2312 2313 2314 2315 2316 2317 2318 2319 232 2320 2321 2322 2323 2324 2325 2326 2328 2329 233 2330 2331 2332 2333 2334 2335 2336 2337 2338 2339 234 2340 2341 2342 2343 2344 2345 2346 2348 2349 235 2350 2351 2352 2353 2354 2355 2356 2357 2359 236 2360 2361 2362 2363 2364 2365 2366 2367 2368 2369 237 2370 2371 2372 2373 2374 2375 2376 2378 2379 238 2380 2381 2382 2384 2385 2386 2387 2388 2389 239 2390 2391 2392 2393 2394 2395 2396 2397 2398 2399 24 240 2400 2401 2402 2403 2404 2405 2406 2407 2409 241 2410 2411 2412 2413 2414 2415 2416 2417 2418 2419 242 2420 2422 2423 2424 2425 2426 2427 2428 2429 243 2433 2434 2435 2437 2438 2439 244 2440 2441 2442 2443 2444 2445 2446 2447 2448 2449 245 2450 2451 2452 2453 2454 2455 2456 2457 2458 2459 246 2460 2461 2462 2463 2464 2465 2466 2467 2469 247 2470 2471 2472 2473 2474 2475 2476 2477 2478 2479 248 2480 2481 2482 2484 2485 2487 2488 2489 249 2490 2491 2492 2493 2494 2495 2496 2497 2498 2499 25 250 2500 2501 2502 2503 2504 2505 2506 2507 2508 2509 251 2510 2511 2512 2513 2514 2515 2516 2517 2518 2519 252 2520 2521 2522 2523 2524 2526 2527 2528 2529 253 2530 2531 2534 2535 2536 2537 2538 254 2540 2541 2542 2543 2544 2545 2546 2547 2548 2549 255 2550 2551 2552 2555 2556 2557 2558 2559 256 2560 2561 2562 2563 2564 2565 2566 2567 2568 2569 257 2570 2571 2572 2573 2574 2575 2576 2577 2578 2579 258 2580 2581 2582 2583 2584 2585 2586 2587 2589 259 2591 2592 2593 2594 2595 2596 2597 2598 2599 26 260 2603 2604 2605 2606 2607 2608 2609 261 2610 2611 2612 2613 2614 2615 2616 2617 2618 2619 2620 2621 2623 2624 2625 2626 2627 2628 2629 263 2630 2631 2632 2633 2634 2635 2636 2637 2638 2639 264 2640 2641 2642 2643 2644 2645 2646 2647 2648 2649 265 2650 2651 2652 2653 2654 2655 2656 2657 2658 2659 266 2660 2661 2662 2663 2664 2665 2667 2668 2669 267 2670 2671 2672 2673 2674 2675 2676 2677 2678 2679 268 2680 2682 2683 2684 2685 2686 2687 2688 2689 269 2690 2691 2692 2693 2694 2695 2696 2697 2698 2699 27 270 2700 2701 2702 2703 2704 2705 2706 2707 2708 2709 271 2711 2713 2715 2716 2717 2718 2719 2720 2721 2722 2723 2724 2725 2727 2728 2729 273 2730 2731 2733 2734 2736 2737 2738 2739 274 2740 2741 2744 2746 2747 2748 2749 275 2751 2752 2753 2754 2755 2757 2758 2759 276 2760 2761 2762 2763 2764 2765 2766 2767 2768 2769 277 2770 2771 2772 2773 2774 2775 2776 2777 2778 2779 2780 2781 2782 2783 2784 2785 2786 2787 2788 2789 2790 2791 2792 2793 2794 2796 2797 2798 2799 28 280 2801 2802 2803 2804 2805 2807 2808 2809 2811 2813 2814 2815 2817 2818 2819 282 2821 2822 2823 2824 2825 2826 2827 2828 283 2830 2831 2832 2833 2834 2835 2838 2839 284 2840 2841 2842 2843 2844 2845 2846 2847 2848 2849 285 2850 2851 2852 2853 2855 2856 2857 2858 2859 286 2860 2861 2862 2863 2864 2865 2866 2867 2868 2869 287 2870 2871 2872 2875 2876 2877 2879 288 2880 2881 2882 2883 2884 2885 2886 2887 2888 2889 289 2890 2891 2892 2893 2894 2895 2896 2898 2899 29 290 2900 2901 2902 2903 2904 2905 2906 2907 2908 2909 291 2910 2912 2913 2914 2916 2917 2918 2919 292 2921 2922 2923 2924 2925 2926 2928 2929 293 2930 2931 2932 2933 2935 2936 2938 2939 294 2940 2941 2944 2945 2946 2947 2948 2949 295 2950 2951 2952 2953 2954 2955 2956 2957 2958 296 2960 2961 2962 2963 2964 2965 2966 2967 2968 2969 297 2970 2971 2972 2973 2974 2975 2976 2977 2978 2979 298 2980 2981 2982 2983 2985 2986 2987 2988 2989 299 2990 2991 2992 2993 2994 2995 2996 2998 2999 3 30 300 3000 3001 3002 3003 3004 3005 3006 3007 3008 3009 301 3010 3011 3012 3013 3014 3015 3016 3017 3018 3019 302 3020 3021 3022 3023 3024 3025 3026 3027 3028 3029 303 3030 3031 3032 3033 3034 3035 3036 3037 3038 3039 304 3040 3041 3042 3043 3044 3046 3047 3048 3049 305 3050 3051 3052 3053 3054 3055 3056 3057 3059 306 3060 3061 3062 3063 3066 3068 307 3070 3071 3072 3073 3074 3075 3076 3077 3078 308 3080 3081 3082 3083 3084 3085 3086 3087 3088 3089 309 3090 3091 3092 3093 3094 3095 3096 3097 3098 3099 31 310 3101 3102 3103 3104 3105 3106 3107 3108 3109 311 3110 3111 3112 3113 3114 3115 3117 3118 3119 312 3120 3123 3124 3125 3126 3127 3128 3129 313 3130 3131 3132 3133 3134 3135 3136 3137 3138 314 3140 3142 3143 3144 3145 3146 3147 3148 3149 315 3150 3151 3152 3153 3154 3155 3156 3158 3159 316 3160 3162 3163 3164 3165 3166 3167 3168 3169 317 3171 3172 3173 3174 3175 3176 318 3180 3181 3182 3183 3184 3185 3186 3187 3188 3189 319 3190 3191 3192 3193 3194 3195 3196 3197 3198 3199 32 320 3200 3201 3202 3203 3204 3205 3206 3207 3208 3209 321 3210 3211 3212 3213 3214 3215 3216 3217 3218 3219 322 3220 3221 3222 3223 3224 3225 3226 3227 3228 3229 323 3230 3231 3232 3233 3234 3235 3237 3238 3239 324 3240 3241 3242 3243 3244 3245 3246 3247 3248 3249 325 3250 3251 3252 3253 3255 3256 3257 3258 3259 326 3260 3261 3262 3263 3264 3265 3266 3267 3268 3269 327 3270 3271 3272 3273 3274 3275 3276 3277 3278 3279 328 3280 3281 3282 3284 3285 3288 329 3290 3291 3292 3293 3294 3296 3297 3298 3299 33 330 3300 3301 3302 3303 3304 3305 3306 3307 3309 331 3310 3311 3312 3313 3314 3315 3316 3317 3318 3319 332 3320 3321 3322 3323 3324 3325 3326 333 3331 3332 3333 3334 3335 3338 3339 334 3340 3341 3342 3343 3344 3345 3346 3348 3349 335 3350 3351 3352 3353 3354 3355 3356 3357 3358 3359 336 3360 3361 3362 3363 3366 3367 3368 3369 337 3370 3371 3373 3374 3375 3376 3377 3378 3379 338 3380 3381 3382 3383 3384 3385 3386 3388 3389 339 3390 3391 3392 3393 3394 3395 3396 3397 3398 3399 34 340 3400 3401 3402 3403 3404 3405 3406 3407 3408 3409 341 3410 3411 3412 3416 3417 3418 342 3422 3423 3424 3425 3426 3427 3429 343 3433 3434 3435 3436 3437 3438 3439 344 3440 3441 3443 3444 3445 3446 3447 3448 3449 345 3450 3451 3452 3453 3454 3455 3456 3457 3458 3459 346 3460 3461 3462 3463 3464 3465 3466 3467 3468 3469 347 3470 3471 3472 3473 3475 3477 3478 3479 348 3480 3481 3482 3483 3486 3487 3488 3489 349 3490 3491 3492 3493 3494 3495 3496 3497 3498 3499 35 350 3500 3504 3506 3508 3509 351 3510 3511 3512 3513 3514 3515 3516 3518 3519 352 3520 3521 3522 3523 3524 3525 3526 3527 3528 3529 353 3530 3531 3532 3535 3536 3537 3538 3539 3540 3541 3542 3543 3544 3545 3547 3548 3549 355 3550 3551 3552 3553 3554 3555 3556 3557 3558 356 3560 3561 3562 3563 3564 3565 3566 3567 3568 3569 357 3571 3576 3577 3578 3579 358 3580 3581 3582 3583 3584 3585 3586 3587 3589 359 3590 3591 3592 3593 3594 3595 3596 3597 3598 3599 36 3600 3601 3602 3603 3604 3605 3606 3607 3609 3610 3611 3613 3614 3615 3616 3617 3618 3619 362 3620 3621 3622 3623 3624 3625 3628 3629 363 3630 3631 3632 3633 3634 3635 3636 3637 3638 3639 364 3640 3641 3642 3643 3645 3646 3647 3648 3649 365 3650 3651 3652 3653 3654 3655 3656 3657 3658 3659 366 3660 3661 3662 3663 3664 3665 3666 3667 3668 3669 367 3670 3671 3673 3674 3675 3676 3677 3678 3679 368 3680 3681 3682 3683 3684 3685 3686 3687 3688 3689 369 3690 3691 3692 3693 3694 3695 3696 3697 3698 37 370 3700 3701 3702 3703 3704 3705 3706 3707 3708 3709 371 3711 3712 3713 3714 3715 3717 3718 3719 372 3720 3722 3723 3724 3725 3726 3727 3728 3729 373 3730 3731 3733 3735 3737 374 3742 3743 3744 3745 3746 3747 3748 3749 375 3750 3751 3752 3753 3754 3755 3757 3758 3759 376 3760 3761 3762 3763 3764 3765 3766 3767 3769 377 3770 3771 3772 3774 3775 3776 3777 3779 378 3780 3781 3782 3783 3784 3785 3786 3787 3788 379 3791 3792 3794 3795 3796 3797 3798 3799 38 3800 3801 3802 3803 3804 3805 3806 3807 3808 3809 381 3810 3811 3812 3813 3814 3815 3816 3817 3819 382 3821 3822 3823 3824 3825 3827 3829 383 3830 3832 3833 3834 3835 3836 3837 3839 384 3840 3841 3842 3843 3844 3845 3847 3848 3849 3850 3851 3854 3855 3856 3858 386 3862 3863 3864 3865 3867 3869 387 3870 3871 3872 3873 3875 3876 3877 3878 388 3880 3881 3882 3883 3885 3886 3887 3888 3889 389 3890 3891 3892 3893 3894 3895 3896 3897 3898 39 390 3900 3901 3902 3903 3904 3905 3906 3907 3908 3909 391 3910 3911 3912 3914 3916 3917 3918 3919 392 3920 3921 3922 3923 3924 3925 3926 3927 3928 3929 393 3930 3931 3932 3933 3935 3936 3937 3939 394 3941 3942 3943 3944 3945 3946 3947 3948 3949 395 3952 3953 3954 3955 3956 3957 3958 3959 396 3960 3961 3962 3963 3964 3965 3966 3967 3968 3969 397 3970 3971 3973 3974 3976 3977 3978 3979 398 3980 3981 3982 3983 3984 3985 3986 3987 3989 399 3990 3991 3992 3995 3997 3998 3999 4 40 400 4000 4001 4005 4006 4007 4008 4009 401 4010 4011 4012 4013 4014 4015 4016 4019 402 4020 4021 4023 4024 4025 4026 4027 4028 403 4030 4031 4034 4035 4036 4037 4038 4039 404 4040 4041 4042 4043 4044 4045 4046 4047 4048 4049 405 4050 4051 4053 4055 4056 4057 4058 4059 406 4061 4062 4063 4064 4065 4066 4067 4068 4069 407 4070 4071 4072 4073 4074 4075 4076 4077 4078 4079 408 4080 4082 4083 4085 4086 4088 4089 409 4090 4091 4092 4093 4095 4096 4097 4098 4099 41 410 4100 4103 4104 4105 4106 4107 4108 4109 411 4110 4111 4116 4117 4119 412 4120 4121 4122 4123 4124 4125 4126 4127 4128 4129 413 4130 4131 4132 4133 4134 4135 4136 4137 4138 4139 414 4140 4141 4142 4143 4144 4145 4146 4147 4148 4149 415 4150 4151 4152 4153 4154 4155 4159 416 4162 4163 4164 4165 4166 4167 4168 4169 417 4170 4171 4173 4174 4175 4176 4177 4178 4179 418 4180 4181 4183 4184 4185 4186 4187 4188 4189 419 4190 4191 4192 4194 4195 4197 4198 4199 42 4200 4201 4202 4203 4204 4205 4206 4207 4208 4209 421 4210 4211 4212 4213 4214 4215 4216 4217 4218 4219 422 4220 4221 4222 4223 4224 4225 4228 4229 423 4231 4232 4233 4234 4235 4236 4237 4238 424 4240 4241 4242 4243 4244 4245 4246 4247 4248 4249 425 4250 4251 4252 4254 4255 4256 4257 4259 426 4260 4261 4263 4264 4265 4266 4267 4269 427 4272 4273 4274 4275 4276 4277 4278 4279 428 4280 4282 4283 4284 4285 4289 429 4290 4291 4292 4295 4296 4297 4298 4299 43 430 4303 4304 4305 4306 4307 4308 431 4310 4311 4312 4313 4314 4315 4316 4317 4318 4319 432 4320 4321 4322 4323 4324 4325 4326 4327 4328 4329 433 4331 4332 4333 4334 4335 4336 4337 4338 434 4340 4341 4342 4343 4344 4345 4346 4347 4348 4349 435 4351 4352 4353 4354 4355 4357 4358 4359 436 4360 4361 4362 4363 4364 4365 4366 4368 4369 437 4370 4371 4372 4373 4375 4377 4378 4379 438 4380 4381 4382 4383 4384 4385 4386 4389 439 4393 4394 4395 4396 4397 4398 4399 44 440 4400 4401 4402 4403 4404 4405 4406 4407 4408 4409 441 4411 4412 4413 4414 4415 4416 4417 4418 4422 4423 4424 4425 4426 4427 4428 4429 443 4430 4431 4432 4433 4434 4435 4436 4437 4438 4439 444 4440 4441 4442 4443 4444 4445 4446 4447 4448 4449 445 4450 4451 4452 4453 4454 4455 4456 4457 4458 4459 446 4460 4461 4462 4463 4464 4465 4466 4467 4468 4469 447 4470 4471 4473 4474 4475 4476 4477 4478 4479 448 4480 4481 4482 4483 4485 4486 4487 4488 4489 449 4490 4491 4492 4493 4494 4495 4496 4497 4498 45 450 4500 4502 4503 4504 4507 4508 4509 451 4510 4511 4516 4521 4523 4524 4526 4527 4528 4529 453 4530 4531 4532 4533 4534 4535 4536 4538 4539 454 4540 4541 4542 4543 4544 4545 4547 455 4550 4551 4552 4553 4554 4555 4556 4557 4558 456 4560 4561 4562 4563 4564 4565 4566 4567 4568 4569 457 4574 4575 4576 4577 4578 458 4580 4581 4582 4583 4584 4586 4587 4588 4591 4592 4593 4594 4595 4596 4597 4598 4599 46 460 4600 4601 4602 4603 4604 4605 4607 4608 4609 461 4611 4612 4613 4615 4616 4617 4618 4619 462 4620 4621 4622 4623 4624 4625 4626 4627 4629 463 4630 4631 4632 4633 4635 4636 4638 4639 4640 4641 4644 4645 4646 4647 4648 4649 465 4650 4651 4652 4653 4654 4655 4658 4659 4660 4661 4662 4663 4664 4665 4666 4667 4668 4669 467 4670 4671 4672 4673 4674 4675 4677 4678 468 4681 4682 4683 4684 4686 4687 4688 4689 469 4692 4693 4694 4695 4696 4697 4698 4699 47 4700 4701 4702 4703 4704 4705 4706 4707 4708 4709 4710 4711 4712 4713 4714 4715 4716 4717 4718 4719 472 4720 4721 4723 4725 4726 4727 4728 473 4733 4735 4736 4737 4738 4739 4740 4741 4742 4743 4744 4745 4746 4748 4749 4750 4751 4752 4753 4754 4755 4756 4757 4759 476 4760 4761 4762 4763 4764 4765 4766 4767 477 4771 4773 4774 4776 4777 4778 4779 4780 4781 4782 4783 4785 4786 4787 4788 4789 479 4790 4791 4792 4793 4794 4795 4796 4797 4798 4799 48 480 4800 4801 4803 4804 4805 4806 4807 4808 4809 481 4810 4811 4813 4814 4815 4816 4817 4818 4819 4820 4821 4822 4823 4824 4825 4826 4827 4828 4829 4830 4831 4832 4833 4834 4835 4836 4837 4838 4839 4840 4841 4842 4843 4844 4845 4846 4847 4848 4849 4850 4851 4852 4853 4854 4855 4856 4857 4858 4859 486 4860 4861 4862 4863 4864 4866 4867 4868 4869 4870 4871 4872 4873 4874 4875 4876 4879 488 4880 4881 4882 4883 4884 4885 4886 4887 4889 489 4890 4891 4893 4894 4896 4897 4898 4899 49 490 4900 4901 4903 4904 4905 4906 4908 4909 4910 4911 4912 4913 4914 4915 4916 4917 4918 4919 492 4920 4921 4922 4923 4924 4925 4926 4927 4929 493 4931 4932 4933 4934 4935 4936 4937 4938 494 4940 4942 4943 4944 4945 4946 4947 4948 495 4950 4951 4952 4953 4954 4957 4960 4962 4963 4964 4965 4966 4967 4969 497 4970 4971 4972 4973 4974 4975 4976 4977 4978 4979 498 4980 4981 4982 4983 4985 4986 4987 4988 4989 499 4991 4992 4993 4994 4995 4996 4999 5 50 5000 5001 5002 5003 5005 5006 5008 5009 501 5010 5011 5012 5013 5015 5016 5017 5018 5019 502 5020 5022 5024 5026 5028 5029 5031 5032 5033 5035 5036 5037 5038 5039 504 5040 5043 5044 5045 5046 5047 5048 5050 5051 5052 5053 5054 5055 5057 5058 5059 506 5060 5061 5062 5063 5064 5065 5067 5068 5069 507 5070 5071 5072 5073 5075 5077 5078 5079 5080 5081 5083 5084 5085 5086 5087 5088 5089 509 5090 5091 5092 5093 5095 5096 5097 5098 5099 51 5100 5102 5103 5104 5105 5106 5109 511 5110 5111 5112 5114 5115 5116 5117 5118 5119 5120 5121 5122 5123 5124 5125 5126 5127 5128 5129 513 5130 5132 5133 5135 5136 5138 5139 514 5140 5141 5142 5143 5144 5145 5146 5148 515 5150 5151 5152 5153 5154 5155 5158 5159 516 5160 5161 5162 5163 5164 5166 5167 517 5171 5172 5173 5174 5175 5176 5177 5178 5179 5180 5181 5182 5183 5184 5185 5186 5187 5188 5189 519 5190 5191 5192 5193 5194 5195 5196 5197 5198 5199 52 520 5200 5201 5202 5203 5204 5207 5208 5209 521 5210 5213 5214 5215 5216 5217 5218 5219 522 5220 5221 5222 5224 5225 5226 5227 5228 5229 523 5230 5231 5232 5233 5238 5239 524 5240 5241 5242 5243 5244 5245 5246 5247 5248 5249 525 5250 5251 5252 5253 5254 5255 5260 5261 5262 5263 5264 5265 5267 5269 527 5271 5273 5274 5275 5276 5277 5278 528 5280 5281 5282 5283 5284 5285 5286 5287 5288 5289 529 5290 5291 5294 5295 5296 5298 5299 53 530 5300 5301 5303 5305 5306 5308 5309 531 5310 5311 5312 5313 5314 5315 5316 5317 532 5320 5321 5322 5323 5324 5326 5327 5328 5329 5330 5332 5333 5334 5335 5336 5337 5339 534 5341 5342 5343 5344 5345 5346 5347 5348 5350 5351 5352 5353 5354 5355 5356 5357 5358 536 5360 5361 5362 5363 5364 5365 5366 5367 5368 5370 5371 5372 5373 5374 5375 5376 5377 5378 538 5380 5381 5382 5384 5385 5386 5387 5388 539 5390 5391 5392 5393 5395 5396 5397 5398 5399 54 540 5400 5401 5404 5405 5406 541 5410 5412 5413 5414 5415 5416 5417 5418 5419 542 5421 5422 5423 5424 5426 5427 5428 5429 543 5430 5431 5432 5434 5435 5436 5437 5438 5439 544 5440 5442 5445 5446 5447 5448 5449 545 5452 5454 5455 5456 5457 5459 546 5460 5461 5462 5463 5465 5466 5467 5468 5469 547 5470 5471 5472 5473 5474 5475 5476 5477 5478 5479 548 5480 5481 5482 5483 5484 5485 5486 5487 5488 5489 549 5490 5491 5494 5495 5496 5497 5499 55 550 5500 5501 5503 5504 5505 5506 5507 5508 5509 551 5510 5511 5512 5513 5514 5515 5516 5517 5518 5519 552 5520 5521 5522 5523 5524 5525 5526 5527 5528 5529 553 5530 5531 5532 5533 5534 5535 5536 5537 5539 554 5540 5541 5542 5543 5544 5545 5548 5549 555 5550 5551 5552 5553 5554 5555 5558 5559 556 5561 5562 5563 5564 5565 5566 5567 5568 5569 557 5570 5571 5572 5573 5576 5577 5578 5579 558 5580 5581 5582 5583 5584 5587 5588 5589 559 5590 5591 5592 5594 5595 5596 5598 5599 56 560 5600 5601 5602 5603 5604 5605 5606 5607 5608 5609 561 5610 5611 5612 5613 5614 5615 5616 5617 562 5620 5622 5623 5624 5625 5626 5627 5628 5629 563 5630 5631 5633 5635 5636 5637 5638 5639 564 5640 5643 5644 5645 5646 5647 5648 5649 565 5650 5651 5652 5653 5655 5656 5657 5658 5659 566 5660 5661 5662 5663 5664 5665 5666 5667 5668 5669 567 5670 5671 5673 5674 5675 5676 5678 5679 568 5680 5682 5683 5684 5685 5686 5687 5688 5689 569 5690 5691 5692 5693 5694 5695 5696 5697 5698 57 570 5702 5703 5704 5705 5706 5707 5708 5709 571 5710 5711 5712 5713 5714 5717 5718 572 5720 5721 5722 5726 5729 573 5730 5731 5732 5733 5735 5737 5738 5739 574 5740 5741 5743 5744 5745 5746 5747 5748 5749 575 5750 5751 5752 5753 5754 5755 5756 5757 576 5760 5761 5763 5764 5765 5766 5767 5768 5769 577 5770 5771 5772 5773 5774 5775 5776 5778 578 5780 5781 5782 5783 5784 5785 5786 5787 5788 5789 579 5790 5792 5793 5794 5796 5797 5798 5799 58 580 5800 5801 5802 5803 5804 5805 5806 5807 5808 5809 581 5810 5811 5812 5813 5814 5815 5816 5817 5818 5819 582 5820 5821 5822 5823 5824 5827 5828 5829 583 5830 5832 5833 5834 5835 5836 5837 5838 5839 584 5840 5841 5842 5844 5846 5848 585 5850 5852 5853 5854 5855 5856 5857 5859 586 5860 5861 5862 5863 5864 5866 5868 587 5871 5872 5873 5874 5875 5876 5877 5878 588 5880 5882 5883 5884 5885 5886 5887 5888 5889 589 5890 5891 5892 5895 5896 5897 5899 59 590 5902 5903 5907 5908 5909 591 5910 5911 5913 5914 5915 5916 5917 5919 592 5920 5921 5922 5923 5924 5925 5926 5927 5928 593 5930 5931 5932 5933 5934 5935 5936 5937 5938 5939 594 5940 5941 5942 5943 5944 5945 5946 5947 5949 595 5950 5952 5955 5956 5958 5959 596 5960 5961 5962 5963 5964 5965 5966 5967 5969 597 5970 5971 5972 5973 5977 5978 598 5980 5981 5982 5983 5984 5985 5986 5987 5988 5989 599 5990 5991 5992 5993 5994 5995 5997 5998 5999 6 60 600 6000 6001 6002 6003 6004 6005 6006 6007 6009 601 6010 6013 6014 6015 6016 6017 6018 6019 602 6020 6021 6022 6023 6024 6025 6026 6027 6028 6029 6030 6031 6032 6033 6034 6035 6036 6037 6038 6039 604 6041 6042 6043 6044 6045 6046 6047 6048 6049 605 6050 6051 6052 6053 6054 6055 6056 6057 6058 6059 606 6060 6061 6062 6063 6064 6066 6067 6068 6069 607 6070 6071 6072 6073 6074 6075 6077 6078 6079 608 6080 6081 6082 6083 6088 6089 609 6090 6091 6092 6093 6094 6096 6097 6098 61 610 6100 6101 6105 6106 6107 6108 6109 611 6110 6111 6112 6113 6114 6116 6118 6119 612 6120 6121 6123 6124 6126 6127 6128 6129 613 6130 6132 6133 6134 6135 6139 614 6141 6142 6143 6144 6145 6146 6147 6148 6149 615 6150 6151 6152 6153 6155 6156 6157 6158 616 6160 6161 6162 6164 6165 6166 6168 6169 617 6170 6174 6175 6176 6177 6178 6179 618 6180 6181 6182 6183 6184 6185 6186 6187 6188 619 6190 6191 6192 6193 6196 6197 6198 6199 62 620 6200 6201 6202 6203 6204 6205 6206 6207 6208 621 6212 6213 6214 6215 6216 6217 6218 6219 622 6220 6221 6222 6223 6224 6225 6226 6227 6228 6229 6230 6232 6235 6236 6239 624 6240 6241 6242 6243 6244 6245 6246 6247 6248 625 6251 6252 6253 6254 6255 6257 6258 6259 626 6261 6262 6263 6264 6265 6266 6267 6269 627 6270 6271 6272 6273 6274 6275 6276 6278 6279 628 6280 6281 6282 6286 6287 6288 6291 6292 6293 6294 6295 6296 6297 6298 6299 63 6301 6302 6304 6305 6306 6307 631 6311 6312 6313 6314 6315 6316 6317 6319 632 6320 6321 6323 6324 6325 6326 6327 6328 633 6330 6331 6332 6333 6334 6337 6339 634 6340 6344 6346 6347 6348 6349 635 6350 6351 6355 6356 6359 636 6360 6366 6367 637 6371 6374 6375 6376 6377 6378 6379 638 6380 6381 6383 6387 6388 6389 639 6391 6392 6393 6394 6395 6396 6397 6398 6399 64 640 6400 6406 6407 6408 6409 641 6410 6411 6412 6413 6414 6415 6416 6417 642 6421 6422 6423 6424 6426 6427 6428 6429 643 6430 6431 6432 6435 6436 6437 6439 644 6440 6441 6442 6443 6444 6445 6446 6447 6448 645 6450 6451 6452 6453 6454 6455 6456 6457 6458 6459 646 6460 6461 6462 6464 6466 6467 6468 6469 647 6470 6471 6472 6474 6475 6477 6478 6479 648 6480 6481 6483 6484 6485 6486 6487 6488 6489 649 6490 6491 6492 6493 6494 6495 6496 6497 6498 65 650 6500 6501 6502 6503 6504 6505 6506 6507 6508 6509 651 6510 6511 6513 6514 6515 6516 6517 6518 6519 652 6520 6521 6522 6523 6524 6525 6526 6527 6528 6529 653 6530 6532 6533 6534 6535 6536 6537 6538 6539 654 6541 6542 6543 6544 6545 6546 6547 6548 655 6550 6551 6552 6553 6554 6555 656 6560 6561 6563 6565 6566 6567 6568 657 6570 6571 6572 6573 6574 6575 6576 6577 6578 6579 658 6580 6581 6582 6583 6584 6585 6586 6587 6588 6589 659 6590 6592 6594 6595 6596 6598 6599 66 6600 6601 6602 6603 6604 6605 6606 6607 6608 6609 661 6611 6612 6613 6614 6615 6616 6617 6618 6619 662 6620 6621 6622 6623 6624 6625 6626 6627 6628 663 6630 6632 6633 6634 6635 6636 6638 6639 664 6641 6643 6644 6645 6646 6647 6648 6649 665 6650 6651 6652 6653 6654 6655 6656 6657 6658 666 6660 6661 6663 6665 6666 6668 667 6670 6671 6672 6673 6674 6675 6676 6677 6678 6679 668 6680 6681 6682 6683 6684 6685 6686 6687 6688 6689 669 6690 6691 6692 6695 6696 6697 6698 6699 67 670 6700 6701 6702 6703 6705 6706 6707 6709 6710 6711 6712 6713 6714 6715 6717 6718 6719 672 6720 6721 6723 6724 6725 6726 6727 6728 6729 673 6730 6731 6732 6734 6735 6736 6737 6738 6739 674 6744 6745 6746 6747 6749 675 6751 6752 6753 6755 6756 6757 6758 6759 676 6760 6761 6762 6764 6765 6766 6767 6768 6769 677 6770 6771 6772 6773 6774 6775 6776 6777 6778 6779 678 6780 6781 6782 6783 6784 6787 6788 6789 679 6790 6791 6793 6794 6795 6797 6798 68 6800 6801 6802 6803 6804 6805 6806 6807 6808 6809 681 6810 6811 6812 6813 6815 6816 6818 6819 682 6821 6822 6824 6826 6828 6829 683 6832 6833 6834 6835 6836 6837 684 6840 6841 6842 6843 6844 6845 6846 6847 6848 6850 6852 6854 6855 6856 6858 6859 686 6860 6861 6862 6863 6864 6865 6866 6867 6869 687 6870 6871 6873 6875 6876 6877 6878 688 6880 6881 6883 6884 6885 6886 6889 689 6890 6892 6895 6896 6897 6899 690 6900 6901 6902 6903 6904 6905 6906 6907 6908 6909 691 6910 6911 6912 6913 6914 6915 6916 6917 6918 692 6920 6921 6922 6923 6924 6926 6927 6928 6929 693 6930 6933 6934 6935 6936 6938 694 6940 6941 6942 6943 6945 6946 6947 6948 6949 695 6950 6951 6953 6954 6955 6958 6959 696 6960 6961 6962 6963 6965 6967 6968 6969 697 6971 6972 6974 6975 6976 6978 6979 698 6980 6981 6982 6983 6984 6985 6986 6987 699 6990 6991 6993 6994 6995 6996 6997 6998 6999 7 700 7000 7001 7002 7003 7004 7005 7006 7007 7008 7009 701 7010 7011 7012 7013 7014 7015 7016 7017 7018 7019 7020 7021 7022 7023 7024 7025 7026 7027 7028 7029 703 7030 7031 7032 7033 7034 7035 7036 7037 7038 704 7040 7041 7042 7043 7044 7045 7046 7047 7048 7049 705 7050 7051 7052 7053 7054 7055 7056 7057 7059 706 7060 7061 7062 7063 7064 7065 707 7070 7071 7072 7073 7074 7079 708 7080 7082 7084 7085 7086 7087 7088 7089 709 7090 7092 7094 7095 7096 7098 7099 71 710 7100 7101 7103 7104 7106 7107 7108 7109 711 7110 7111 7112 7113 7114 7115 7116 7117 7118 7119 712 7120 7121 7122 7123 7124 7125 7126 7127 7128 7129 713 7130 7131 7132 7133 7134 7135 7136 7137 7138 7139 714 7140 7142 7143 7144 7145 7146 7149 715 7150 7151 7153 7154 7155 7156 7157 7158 7159 716 7160 7161 7162 7163 7164 7165 7166 7167 7168 717 7170 7171 7172 7173 7174 7175 7176 7177 7178 7179 718 7180 7181 7183 7184 7185 7186 7187 7188 7189 719 7190 7191 7192 7193 7194 7195 7197 7198 7199 72 720 7201 7203 7204 7205 7206 721 7210 7211 7212 7214 7215 7217 7218 7219 722 7220 7221 7222 7223 7225 7226 7227 7228 7229 723 7230 7231 7232 7233 7234 7235 7236 7237 7238 7239 724 7240 7241 7243 7245 7246 725 7250 7251 7252 7253 7254 7255 7257 726 7260 7262 7265 7266 7267 7268 7269 727 7270 7271 7273 7276 7277 7278 7279 728 7280 7281 7282 7283 7284 7285 7286 7287 7289 729 7290 7291 7292 7293 7294 7295 7296 7297 7298 7299 73 730 7300 7301 7302 7304 7305 7306 7309 731 7310 7315 7316 7317 7318 7319 732 7320 7321 7323 7326 7327 7329 733 7330 7332 7333 7335 7336 7337 734 7341 7342 7343 7344 7345 7347 7348 7349 735 7350 7351 7352 7353 7354 7355 7357 7359 736 7360 7362 7363 7365 737 7371 7372 7373 7374 7376 7377 7378 7379 738 7380 7381 7382 7383 7386 7387 7389 739 7390 7391 7392 7393 7394 7397 74 7400 7401 7402 7403 7404 7405 7407 7409 741 7413 7414 7415 7416 7417 7418 7419 742 7420 7421 7422 7423 7424 7425 7426 7427 7428 7429 743 7430 7431 7434 7436 7439 744 7440 7441 7442 7443 7444 7445 7446 7447 7448 7449 745 7450 7451 7452 7453 7454 7455 7456 7457 7458 7459 746 7461 7462 7465 7466 7467 7468 7469 7470 7471 7472 7473 7474 7476 7477 7478 748 7480 7481 7482 7483 7484 7485 7486 7487 749 7490 7491 7492 7493 7494 7495 7497 7498 75 750 7501 7502 7503 7505 7506 7508 7509 751 7510 7511 7512 7513 7514 7515 7517 7518 752 7520 7522 7523 7524 7525 7527 7528 7529 753 7531 7533 7534 7535 7536 7537 7538 754 7540 7544 7545 7546 7549 755 7550 7553 7554 7557 756 7561 7563 7564 7565 7567 7569 7570 7571 7572 7574 7576 7577 7578 7579 758 7580 7581 7583 7585 7586 7587 7588 759 7590 7593 7594 7595 7597 7598 7599 76 760 7600 7601 7602 7604 7605 7608 7609 761 7610 7611 7613 7614 7615 7616 7617 7618 7619 762 7620 7623 7624 7625 7626 7629 763 7630 7632 7634 7636 7637 7638 7639 764 7642 7644 7645 7646 7647 7648 7649 765 7650 7651 7652 7653 7658 7659 766 7660 7661 7662 7663 7664 7665 7666 7668 7669 767 7670 7672 7673 7675 7676 7677 7678 7679 768 7682 7683 7684 7685 7686 7687 7688 769 7690 7691 7694 7695 7696 7697 7698 7699 77 770 7701 7703 7704 7705 7706 7707 7708 771 7715 7716 7717 7719 772 7720 7721 7724 7726 7727 7728 7729 773 7730 7732 7733 7734 7735 7736 7737 7738 774 7740 7741 7742 7743 7744 7745 7747 775 7750 7751 7752 7753 7754 7755 7756 7757 7758 7759 776 7760 7761 7762 7763 7765 7766 7767 7768 7769 7770 7771 7772 7773 7774 7775 7777 7778 7779 778 7780 7781 7782 7783 7788 7789 779 7790 7791 7792 7795 7796 7797 7799 78 780 7800 7801 7802 7803 7804 7805 7806 7808 7809 781 7810 7812 7813 7814 7815 7818 7819 782 7821 7822 7826 7827 7828 7829 783 7830 7831 7832 7833 7834 7835 7836 7837 7839 784 7840 7841 7842 7843 7844 7845 7848 7849 785 7850 7851 7852 7853 7854 7855 7856 7857 786 7860 7861 7862 7863 7864 7865 7866 7867 7868 7869 787 7870 7871 7873 7874 7875 7877 7878 7879 788 7881 7882 7883 7884 7885 7886 7887 7888 7889 789 7890 7891 7892 7893 7894 7899 79 7900 7901 7902 7903 7904 7905 7906 7907 7908 7909 791 7910 7911 7912 7913 7914 7915 7916 7919 792 7920 7921 7922 7923 7924 7925 7927 7928 7929 793 7930 7931 7932 7933 7934 7935 7937 7938 7939 794 7940 7941 7942 7944 7945 7946 7948 7949 795 7950 7952 7953 7954 7955 7956 7957 7959 796 7960 7961 7964 7965 7966 7967 7968 7969 797 7970 7972 7973 7974 7975 7976 7978 7979 798 7980 7981 7982 7985 7986 799 7991 7992 7993 7994 7995 7996 7998 7999 8 80 800 8000 8001 8002 8005 8006 8007 8009 801 8010 8011 8012 8013 8014 8015 8019 802 8020 8021 8023 8024 8025 8027 8028 803 8033 8035 8036 8037 8038 804 8040 8041 8042 8043 8044 8045 8046 8047 8048 8049 805 8050 8051 8052 8053 8054 8055 8056 8057 8058 806 8060 8061 8062 8063 8064 8065 8066 8068 8069 807 8070 8071 8072 8073 8074 8075 8076 8077 8079 808 8080 8081 8083 8084 8085 8086 8087 8088 8089 8090 8091 8092 8093 8094 8095 8096 8097 8098 8099 81 810 8100 8101 8102 8103 8104 8105 8106 8107 8108 8109 811 8110 8111 8112 8114 8115 8118 8119 812 8120 8121 8122 8124 8126 8128 813 8130 8131 8132 8133 8134 8135 8136 8137 8138 8139 814 8140 8141 8142 8144 8145 8146 8147 8148 8149 815 8150 8152 8153 8155 8156 8157 8158 8159 816 8161 8162 8163 8165 8166 8167 8168 8169 817 8170 8171 8172 8173 8174 8175 8177 8178 8179 818 8180 8181 8182 8183 8184 8186 8187 8189 819 8190 8192 8193 8194 8195 8196 8197 8198 8199 82 820 8202 8203 8204 8205 8206 8209 821 8211 8212 8213 8214 8215 8216 8219 822 8221 8222 8224 8225 8226 8227 8229 823 8231 8232 8233 8235 8236 8237 8238 824 8241 8242 8243 8244 8245 8246 8248 8249 825 8251 8252 8253 8254 8255 8256 826 8260 8261 8262 8263 8264 8265 8266 827 8270 8271 8272 8273 8274 8275 8276 8277 8282 8283 8284 8285 8286 8287 8288 8289 829 8290 8291 8292 8293 8294 8295 8296 8297 83 830 831 832 835 836 837 838 839 84 840 841 842 843 844 845 847 848 849 85 850 851 852 853 854 855 856 857 859 86 860 861 862 863 864 865 866 867 868 869 87 870 871 872 873 874 875 876 877 878 879 88 880 881 882 883 885 886 887 888 889 89 890 891 892 893 895 896 897 898 899 9 90 900 902 903 904 905 906 907 908 909 91 910 911 912 913 914 915 916 917 918 919 92 920 921 922 923 924 926 927 928 929 93 930 931 932 933 934 935 936 937 938 94 940 941 942 943 944 945 946 947 948 949 95 950 951 954 955 956 957 958 959 96 960 961 962 963 964 965 966 967 968 969 970 971 972 973 974 975 976 977 978 979 98 980 981 982 983 984 985 986 987 988 989 99 990 991 992 993 994 995 996 998 999","12.797","7115","C111274","false","C111274"
,"0.0","0.0","0",,"false","10 100 12 129 13 130 1300 132 133 135 137 14 140 141 142 143 144 153 154 156 159 160 162 163 165 167 168 169 17 174 175 183 19 202 21 216 217 218 219 221 223 225 23 232 233 234 236 238 239 247 248 25 250 252 253 257 258 26 261 27 273 274 277 28 284 286 287 288 289 3 30 300 301 302 303 323 325 33 330 331 333 337 34 342 343 344 348 349 355 356 358 359 362 363 366 369 37 370 373 374 375 377 378 379 38 389 39 390 391 392 393 394 396 397 4 40 401 402 408 41 410 411 413 414 418 419 421 422 427 428 431 433 435 436 437 443 444 446 448 450 451 46 47 48 5 50 51 52 538 54 543 544 547 548 55 550 551 566 58 581 584 589 590 593 594 596 6 602 604 609 61 610 611 612 613 617 619 621 63 631 65 654 655 656 664 678 681 725 73 779 78 792 793 8 80 82 8282 84 85 88 89 9 91 92 93 94 96","7.693","207","C110874","false","C110874"
,"0.0","0.0","0",,"false","101 102 104 105 106 107 1077 108 112 1126 113 114 115 116 117 118 119 120 121 123 124 1325 1327 152 158 164 18 181 188 189 190 192 194 195 196 198 200 206 207 210 211 214 2296 265 2861 2864 2865 2868 2869 2870 293 294 295 297 299 31 32 329 352 353 364 365 367 368 405 426 445 453 454 458 460 461 462 463 467 468 472 473 476 477 480 481 489 49 490 492 494 497 498 504 506 507 509 511 513 514 515 516 517 519 520 521 522 523 524 527 528 529 531 536 540 541 56 561 570 576 577 578 67 679 7 75 76 79 81 8283 8284 8285 8287 83 95 98","7.044","132","C110875","false","C110875"
,"0.0","0.0","0",,"false","1612 2983 3088 3142 4401 4432 4771 4788 4940 5060 5064 5378 5551 5580 5738 5812 5859 5908 6307 6423 6550 6618 6737 6924 7043 7053 7086 7189 7198 7233 7238 7357 7389 7391 7421 7637 7676 7677 7685 7720 7733 7744 7772 7791 7810 7833 7840 7861 7893 7901 7903 7906 7924 7967 8045 8046 8047 8048 8049 8050 8051 8052 8053 8085 8092 8107 8149 8152 8156 8162 8170 8171 8172 8173 8174 8187 8189 8190 8192 8194 8195 8196 8197 8198 8199 8202 8203 8204 8205 8206 8209 8211 8212 8215 8216 8219 8221 8222 8224 8225 8227 8229 8231 8232 8233 8235 8236 8237 8241 8242 8243 8246 8248 8249 8251 8260 8261 8262 8263 8264 8265 8266 8270 8271 8272 8273 8276","6.989","127","C110876","false","C110876"
,"0.0","0.0","0",,"false","1191 2010 2524 3310 3499 4435 5148 5529 5658 5671 5820 5896 5915 5920 6020 6043 6071 6548 6980 6993 7005 7045 7049 7056 7180 7183 7231 7276 7277 7280 7281 7352 7390 7405 7443 7544 7579 7586 7614 7658 7661 7679 7694 7697 7701 7726 7728 7736 7737 7738 7740 7741 7742 7743 7745 7747 7750 7751 7752 7753 7754 7755 7756 7757 7758 7760 7761 7762 7763 7766 7767 7780 7788 7789 7790 7795 7796 7800 7801 7802 7803 7804 7805 7809 7813 8226","6.426","86","C110877","false","C110877"
,"0.0","0.0","0",,"false","1059 1132 1328 1336 1340 1341 1968 2008 2013 2015 2017 2018 2019 2020 2021 2023 2024 2025 2026 2027 2029 2030 2031 2032 2034 2035 2036 2040 2042 2044 2045 2094 2100 2101 2373 2437 2438 2439 2441 2442 2443 2444 2445 2446 2447 2448 2449 2450 2451 2453 2454 2455 2457 2459 2460 2461 2463 2464 2465 2466 2470 2568 2887 2888 2890 2891 2892 2893 2894 2895 2896 4266 4366 4687 4755 4910 495 5995 6207 6410 6411 6412 6413 665 666","6.409","85","C110878","false","C110878"
,"0.0","0.0","0",,"false","1080 1084 1093 1094 1095 1096 1099 1101 1102 1103 1104 1105 1106 1107 1108 1109 1110 1111 1112 1113 1333 1368 1542 1784 1785 1825 1826 1827 1829 1830 1831 1834 1839 1840 1841 1842 1855 1890 1923 1925 1926 1927 1928 1929 1930 1931 1932 1933 1934 1938 1939 197 2187 2189 2190 2191 2283 2403 2404 2405 2406 2407 2423 2477 2478 2479 3594 554","6.087","68","C110879","false","C110879"
,"0.0","0.0","0",,"false","1403 2249 3593 3726 3770 4009 4992 5054 5059 5090 5143 5384 5393 5582 5776 5807 5949 6097 6359 6486 6503 6611 6615 6620 6848 6865 6901 6906 6911 6913 6971 6976 6986 7023 7074 7098 7099 7100 7101 7104 7110 7117 7118 7119 7122 7123 7143 7149 7185 7186 7201 7205 7206 7210 7211 7212 7214 7215 7222 7240 7246 7250 7289 7296 7304 7306","6.044","66","C110880","false","C110880"
,"0.0","0.0","0",,"false","3665 4347 4507 4542 4543 4544 5010 5643 6422 6460 6541 6542 6759 6762 6889 6946 6983 7014 7021 7064 7080 7084 7085 7087 7386 7394 7434 7449 7508 7590 7666 7669 7675 7682 7765 7771 7797 7799 7814 7815 7857 7885 7928 7937 7938 7939 7940 7941 7942 7952 7966 7968 7969 7970 7994 7995 7996 8035 8038 8090 8126 8130 8145 8169 8277","6.022","65","C110881","false","C110881"
,"0.0","0.0","0",,"false","1943 2285 2308 2309 2310 2311 2312 2313 2314 2315 2316 2317 2318 2319 2320 2321 2467 3216 3229 3230 3231 3232 3233 3234 3235 3323 3416 3418 3422 3423 3424 3425 3426 3427 3490 3491 3492 3493 3494 3495 3497 3500 4025 4028 5370 5371 5372 5373 5374 5375 6578 6579 6580 6581 6582 6583 6584 6585 6586 6587 6588 8293","5.954","62","C110882","false","C110882"
,"0.0","0.0","0",,"false","155 3723 4447 5201 5872 60 6216 6241 6415 6766 6923 6941 7052 7054 7090 7109 7116 7132 7178 7225 7227 7239 7241 7344 7350 7362 7378 7401 7492 7498 7506 7509 7510 7520 7531 7535 7536 7537 7538 7540 7554 7561 7565 7569 7571 7572 7583 7585 7587 7588 7593 7595 7599 7600 7604 7618 7624 7652 7672 7819","5.907","60","C110883","false","C110883"
,"0.0","0.0","0",,"false","1924 3535 4169 4265 434 4361 4456 4496 4994 5015 5053 5217 5760 5897 6280 6299 6513 6514 6515 6781 6789 6832 6959 7061 7121 7129 7164 7278 7295 7317 7318 7327 7329 7330 7332 7333 7335 7336 7337 7342 7345 7347 7348 7349 7351 7353 7354 7355 7360 7363 7374 7377 7380 7381 7387 7638 7639","5.833","57","C110884","false","C110884"
,"0.0","0.0","0",,"false","1005 1129 1167 1234 1279 1290 1293 1377 1423 1424 1447 145 1451 1478 1481 1483 1484 1490 1494 1497 1499 1503 1507 1510 1511 1512 1513 1518 1528 1531 1532 1551 1554 1558 1559 1563 1573 1578 1579 1580 1595 1617 1618 1650 1676 1970 2843 3105 45 717 826 871 887 949","5.755","54","C110885","false","C110885"
,"0.0","0.0","0",,"false","138 150 178 205 224 255 263 282 319 326 339 340 357 383 412 438 440 441 556 557 558 560 562 563 564 57 591 592 606 607 614 615 616 620 622 624 627 628 632 638 648 658 659 668 672 673 675 741 746 806 807 876 878 906","5.755","54","C110886","false","C110886"
,"0.0","0.0","0",,"false","1737 2295 2552 2925 2956 3445 4852 4970 5093 5153 5177 5178 5427 5437 5527 5668 5753 5787 5809 5834 5916 5934 5944 5945 5946 5947 5959 5960 5963 5964 6007 6062 6068 6070 6075 6079 6080 6094 6098 6105 6108 6124 6129 6152 6153 6166 6247 6339 6340","5.615","49","C110887","false","C110887"
,"0.0","0.0","0",,"false","3293 3355 4140 5605 5614 5667 5708 5927 6072 6657 6859 7424 7511 7564 7574 7578 7774 7845 7856 7900 7902 7905 7907 7908 8010 8012 8036 8037 8040 8041 8042 8044 8060 8063 8073 8118 8119 8120 8121 8122 8124 8128 8132 8153 8161 8163 8165 8168 99","5.615","49","C110888","false","C110888"
,"0.0","0.0","0",,"false","1061 1284 1285 1286 1378 1576 1639 1688 1720 1721 1722 1723 1724 1725 1726 1881 1882 1883 1965 1966 1975 1976 1978 2063 2079 2130 2138 266 270 2845 2846 2847 2848 2849 2850 2852 2853 2952 2953 2954 2955 4545 634 8288 842 853 935 937 983","5.615","49","C110889","false","C110889"
,"0.0","0.0","0",,"false","1565 1836 2011 2084 2085 2086 2087 2088 2089 2090 2091 2092 2095 2099 2112 2183 2184 2185 2193 2197 2198 2199 2238 2244 2247 2255 2385 2388 2389 2390 2427 2428 2429 4308 4693 4821 5158 5159 5161 5162 5163 5164 5167 595 62 831 859","5.555","47","C110890","false","C110890"
,"0.0","0.0","0",,"false","1092 110 111 1161 125 228 29 308 315 317 424 488 637 643 730 74 838 845 847 848 851 855 857 860 862 863 864 865 866 867 868 880 881 882 885 888 889 890 891 897 927 929 930 934 936 942 995","5.555","47","C110891","false","C110891"
,"0.0","0.0","0",,"false","1078 1085 1086 1087 1088 1089 1150 1152 1195 1292 134 1349 1351 1361 1362 1397 1398 1399 1400 1401 1402 1540 1541 1543 1545 1546 187 208 240 256 259 283 553 555 600 601 626 759 760 767 768 770 771 780 892 893","5.524","46","C110892","false","C110892"
,"0.0","0.0","0",,"false","1493 1762 2160 4883 4923 5549 5596 5822 5829 6184 6323 6377 6387 6388 6406 6522 6526 6608 6717 6726 6751 6757 6770 6775 6777 6778 6783 6793 6794 6795 6804 6810 6811 6812 6813 6815 6821 6824 6840 6842 6843 6844 6852 7030 7690","5.492","45","C110893","false","C110893"
,"0.0","0.0","0",,"false","1114 1128 1140 1160 1182 1192 1193 1197 1201 1222 1237 1240 1241 1245 1252 1259 1260 1262 1264 1266 1268 1269 1270 1298 1334 1337 1343 1344 1345 1440 1609 161 171 1761 1770 1771 341 3429 699 705 708 791 978 982 986","5.492","45","C110894","false","C110894"
,"0.0","0.0","0",,"false","1031 1066 1143 1243 1281 1621 1719 1772 1821 1888 1977 2038 2133 2156 2169 2173 2250 2260 2261 2262 2265 2291 2292 2293 2329 2334 2335 2336 2337 2339 2341 2350 2351 2353 2361 2362 2424 2425 2580 2670 2755 2798 8290 8291 961","5.492","45","C110895","false","C110895"
,"0.0","0.0","0",,"false","1509 2237 2384 2994 3208 3212 3213 3214 3215 3217 3218 3219 3220 3221 3222 3223 3224 3321 3378 3417 3686 3869 3870 3871 3872 4053 4655 4659 4660 4834 4835 4836 4839 4841 4842 4845 4847 4848 4857 4858 4861 4863 5294 532","5.459","44","C110896","false","C110896"
,"0.0","0.0","0",,"false","1022 1028 1033 1050 1052 1053 1067 1120 1123 1130 1131 1141 1155 1156 1158 126 157 201 209 243 245 296 321 381 382 384 386 387 696 697 788 818 823 903 911 912 926 931 932 955 956 981 998","5.426","43","C110897","false","C110897"
,"0.0","0.0","0",,"false","1626 1751 1775 1777 2508 3168 3175 3196 3260 3391 3527 3539 3544 3569 3632 3633 3636 3637 3638 3640 3646 3647 3649 3650 3802 3804 3893 3926 3927 3928 3929 3930 3931 3932 3935 3936 3937 3954 3963 3964 4021 698","5.392","42","C110898","false","C110898"
,"0.0","0.0","0",,"false","1250 1469 1674 2116 2118 2206 2228 2229 2231 2232 2233 2234 2332 2343 2500 2501 2550 2572 2573 2574 2575 2577 2579 2581 2582 2583 2584 2586 2587 2589 2591 2629 2720 2733 3165 3166 3167 3171 3257 3319 968","5.358","41","C110899","false","C110899"
,"0.0","0.0","0",,"false","1146 1287 1833 246 254 306 406 493 636 663 669 670 676 677 682 683 684 687 692 726 729 731 732 734 735 738 739 745 750 751 752 753 754 755 756 814 843 844 940 979 980","5.358","41","C110900","false","C110900"
,"0.0","0.0","0",,"false","1625 1646 1653 2061 237 2416 2473 2555 2557 2578 2596 2608 2626 2647 2721 2740 2759 2761 2762 2763 2766 2767 2768 2802 2803 2805 2809 2813 2814 2826 2827 2828 2844 2902 2918 2921 2926 2979 765 841 899","5.358","41","C110901","false","C110901"
,"0.0","0.0","0",,"false","2096 2545 2621 2914 44 4443 4786 4960 5439 5591 5660 5696 5747 5788 5799 5805 6023 6082 6218 6239 6261 6304 6306 6351 6371 6429 6430 6431 6432 6435 6437 6447 6462 6474 6480 6481 6511 6707 6858 7875","5.322","40","C110902","false","C110902"
,"0.0","0.0","0",,"false","2067 4164 4318 4341 469 5406 6016 6202 6671 6914 6916 7057 7131 7175 7179 7181 7372 7441 7442 7451 7452 7453 7454 7456 7457 7458 7459 7461 7462 7563 7719 7891 7892 7894 8097 8134 8135 8136 8137 8138","5.322","40","C110903","false","C110903"
,"0.0","0.0","0",,"false","1228 2129 2298 2548 2646 2832 3125 3144 3388 3645 3660 3724 3917 3948 4062 4074 4138 4141 4142 4152 4214 4234 4252 4254 4264 4296 4299 4422 4423 4424 4454 4457 4464 4465 4467 4469 4498 4502 4503 4504","5.322","40","C110904","false","C110904"
,"0.0","0.0","0",,"false","2488 3028 3188 3271 3461 3623 3666 3766 3880 3902 4044 4455 4466 4526 4529 4539 4586 4618 4631 4646 4648 4650 4658 4677 4678 4778 4779 4780 4809 4832 4887 4893 4945 4991 5146 5274 5306 5895 6475","5.285","39","C110905","false","C110905"
,"0.0","0.0","0",,"false","1008 1331 2452 4864 4925 5432 5902 6026 6139 6626 6682 6714 6784 7128 7265 7266 7267 7268 7269 7271 7282 7283 7284 7285 7286 7287 7305 7365 7393 7444 7445 7446 7447 7448 7450 7484 7505 7831","5.248","38","C110906","false","C110906"
,"0.0","0.0","0",,"false","1090 1145 1171 1172 1173 1174 1175 1176 1177 1178 1180 1181 1186 177 2108 2109 2355 2519 2520 2521 2522 2526 2527 2528 2529 2530 2531 2534 2536 2537 2538 2540 320 661 824 849 902 962","5.248","38","C110907","false","C110907"
,"0.0","0.0","0",,"false","1796 5739 5871 6243 6398 6452 6577 6706 6744 6745 6746 6758 6773 6774 6998 6999 7000 7001 7003 7004 7006 7007 7008 7009 7010 7013 7015 7016 7017 7018 7022 7025 7027 7028 7482 7483 8297","5.209","37","C110908","false","C110908"
,"0.0","0.0","0",,"false","1124 1168 1350 1487 1594 1605 1615 1619 1651 1652 1654 1657 1658 1662 1671 1689 1731 1732 1747 1760 1900 1901 1902 1903 191 1916 1917 1969 1979 2055 2178 249 372 559 575 913","5.17","36","C110909","false","C110909"
,"0.0","0.0","0",,"false","3109 3729 3976 4001 4027 4040 4127 4159 4219 4220 4317 4322 4324 4393 4394 4396 4397 4398 4399 4400 4402 4438 4458 449 4584 4635 4800 4810 4811 4927 5380 5381 5385 5917 6257","5.129","35","C110910","false","C110910"
,"0.0","0.0","0",,"false","1560 2859 2872 3313 3399 3579 3682 3763 3814 3816 3898 3933 3941 3942 3973 3980 4019 4024 4026 4050 4051 4079 4088 4111 4173 4180 4181 4184 4185 4198 4216 4331 4386 4985 778","5.129","35","C110911","false","C110911"
,"0.0","0.0","0",,"false","1169 1419 1668 1820 1863 1992 2093 2117 2119 2272 2306 2366 2598 2633 2634 2635 2636 2637 2639 2640 2641 2642 2643 2661 2664 2665 2672 2675 2676 2682 2684 2685 2736 2741 350","5.129","35","C110912","false","C110912"
,"0.0","0.0","0",,"false","1236 1253 1386 1489 1505 1534 1536 1538 1555 1582 1588 1589 1599 1600 1610 1641 1642 1643 1685 1696 1752 1768 1773 1774 1886 1887 1889 1892 1893 1894 1895 1953 712 870 948","5.129","35","C110913","false","C110913"
,"0.0","0.0","0",,"false","4037 4904 4905 4908 4911 4913 4916 4917 4918 4919 4921 4922 5919 7124 7125 7133 7135 7137 7138 7139 7140 8098 8099 8100 8101 8102 8103 8104 8105 8106 8108 8109 8110 8114 8115","5.129","35","C110914","false","C110914"
,"0.0","0.0","0",,"false","3918 4924 5250 5262 5487 5500 5544 5545 5558 5559 5569 5570 5617 5713 5754 5755 5756 5935 5977 6096 6110 6116 6200 6212 6213 6214 6215 6222 6224 6235 6244 6245 6246 7602","5.087","34","C110915","false","C110915"
,"0.0","0.0","0",,"false","2855 3227 3842 4673 4689 4748 5140 5455 5731 5816 5821 6217 6223 6248 6394 6506 6507 6508 6509 6527 6528 6529 6552 6554 6570 6571 6572 6573 6574 6575 6576 6590 6594 6599","5.087","34","C110916","false","C110916"
,"0.0","0.0","0",,"false","1967 2209 2252 2422 2597 2804 3040 3349 3377 3379 3444 3470 3477 3553 3576 3577 3578 3580 3581 3582 3583 3584 3587 3605 3606 3670 3708 3894 3957 3961 3968 3970 7708 974","5.087","34","C110917","false","C110917"
,"0.0","0.0","0",,"false","2811 291 3463 3472 3635 3985 4211 4224 4261 4377 4437 4511 4603 4605 4661 4682 4692 4694 4695 4696 4697 4698 4699 4700 4701 4702 4703 4704 4707 4708 4711 4716 4719 4723","5.087","34","C110918","false","C110918"
,"0.0","0.0","0",,"false","2592 3172 3664 3813 3876 3998 4077 4645 4652 4725 4936 4982 5050 5110 5111 5114 5115 5119 5122 5124 5126 5127 5128 5129 5130 5132 5138 5139 5142 5144 5151 5154 758","5.044","33","C110919","false","C110919"
,"0.0","0.0","0",,"false","1569 193 2155 2157 269 351 439 479 530 542 549 586 639 652 674 733 736 773 774 775 776 794 86 895 905 910 916 917 919 923 924 972 992","5.044","33","C110920","false","C110920"
,"0.0","0.0","0",,"false","1299 1442 1480 1514 1525 1553 1614 1627 1628 1669 1682 1683 1738 1753 1755 1756 1758 1759 1780 1788 1790 1791 1797 1798 1802 1804 1805 1806 1810 1811 215 3266 836","5.044","33","C110921","false","C110921"
,"0.0","0.0","0",,"false","1353 1749 1783 1794 1848 1868 1919 1997 2062 2071 2128 2159 2203 2204 2211 2235 2239 2241 2246 2253 2259 2380 2603 2604 3060 3101 3118 3205 7218 7219 764 947 975","5.044","33","C110922","false","C110922"
,"0.0","0.0","0",,"false","2481 3389 5209 5210 5275 5839 6049 6333 6367 6523 6841 6968 6969 7150 7471 7649 7715 7716 7717 7775 7806 7821 7822 7841 7933 7964 7965 8024 8062 8064 8065 8066","5.0","32","C110923","false","C110923"
,"0.0","0.0","0",,"false","1342 1390 1391 1392 1394 1437 1501 1564 1663 1686 1687 1763 1764 2054 2141 2142 2143 2146 2147 2148 2149 2150 2151 2300 2301 2302 2709 3206 3207 64 781 920","5.0","32","C110924","false","C110924"
,"0.0","0.0","0",,"false","1813 3137 3350 3448 3450 3454 3464 3590 3591 3956 3958 4063 4072 4273 4426 4430 4436 4440 4531 4535 4564 4565 4568 4577 4578 4599 4607 4608 4609 4612 4613 4621","5.0","32","C110925","false","C110925"
,"0.0","0.0","0",,"false","1012 1137 1296 1314 1315 1316 1317 1318 1552 1566 1693 1800 1837 1858 1905 1906 1907 1908 1909 1911 1913 2070 2073 2192 2195 2985 2986 635 813 819 821 822","5.0","32","C110926","false","C110926"
,"0.0","0.0","0",,"false","1914 2258 2760 3035 4223 4353 4600 4601 4602 4838 4840 4843 4844 4849 4850 4851 4854 5445 5482 5483 5486 5488 5490 5491 5781 5846 5850 5861 5874 5875 5876 5878","5.0","32","C110927","false","C110927"
,"0.0","0.0","0",,"false","241 251 276 312 429 432 618 649 651 691 703 709 711 713 714 715 716 718 719 720 721 723 749 772 782 798 799 801 802 837 839","4.954","31","C110928","false","C110928"
,"0.0","0.0","0",,"false","2196 2523 2999 3012 3013 3545 4175 4409 5940 6013 6014 6015 6017 6018 6019 6484 6485 6489 6490 6492 6493 6496 7886 7887 7888 7889 7890 8094 8150 8274 8275","4.954","31","C110929","false","C110929"
,"0.0","0.0","0",,"false","1074 3873 4616 5561 5563 5818 5824 5830 6204 6240 6242 6456 6491 6592 6705 6749 6769 6822 6845 6846 6847 6850 6860 6861 6876 6877 6878 6892 6928 6929 6930","4.954","31","C110930","false","C110930"
,"0.0","0.0","0",,"false","5421 6635 6712 6934 7044 7046 7047 7048 7051 7055 7059 7120 7236 7490 7580 7598 7634 7651 7659 7660 7662 7665 7670 7678 7683 7684 7686 7687 7695 7698 7699","4.954","31","C110931","false","C110931"
,"0.0","0.0","0",,"false","3346 4739 4920 5401 5501 5988 6180 6274 6524 6646 6655 6779 7089 7127 7260 7293 7298 7299 7300 7301 7302 7468 7469 7470 7473 7474 7477 7478 7992 7993","4.907","30","C110932","false","C110932"
,"0.0","0.0","0",,"false","1147 1767 1915 2613 2678 2974 2975 2976 3200 3343 3446 3480 3525 3541 3556 3564 3731 3771 3772 3779 3781 3782 3783 3784 3791 3805 3807 3817 3824 3888","4.907","30","C110933","false","C110933"
,"0.0","0.0","0",,"false","2267 2268 2269 2270 2273 2338 2687 3348 3356 3357 3358 3359 3360 3361 3362 3434 3662 4425 4489 5540 5921 6312 6330 6331 6332 6334 6954 6974 6985","4.858","29","C110934","false","C110934"
,"0.0","0.0","0",,"false","1691 3057 4071 4714 5774 5775 5999 6692 6866 7253 7792 7818 7867 7868 7869 7870 7871 7873 7874 7877 7904 7911 7912 7922 7923 7925 7927 7978 7979","4.858","29","C110935","false","C110935"
,"0.0","0.0","0",,"false","1046 1233 1272 1273 1274 1275 1276 1277 1278 1280 1321 1326 1438 1441 1467 1485 1486 1515 1516 1517 1568 1715 1716 1718 1728 810 904 954 971","4.858","29","C110936","false","C110936"
,"0.0","0.0","0",,"false","1006 1029 1030 1032 1082 1144 1219 1220 1221 1324 1375 1396 1420 1502 1506 1519 1520 1523 1524 1533 1556 1584 1587 1655 1656 1793 641 686 803","4.858","29","C110937","false","C110937"
,"0.0","0.0","0",,"false","1041 2689 2909 3406 4448 4587 4686 4829 5155 5160 5243 5299 5300 5308 5309 5313 5314 5315 5317 5320 5322 5326 5350 5387 5392 5473 5533 6856","4.807","28","C110938","false","C110938"
,"0.0","0.0","0",,"false","1010 3643 4041 4073 4189 4298 4371 4553 4554 4555 4556 4557 4957 5174 5399 5913 5978 6028 6029 6030 6031 6033 6034 6035 6036 6037 6038 6039","4.807","28","C110939","false","C110939"
,"0.0","0.0","0",,"false","1205 1206 1208 1209 1212 1213 1214 1216 1223 1224 1225 1226 1227 1229 1231 1238 1422 1425 1439 1616 2266 587 588 921 922 928 941 943","4.807","28","C110940","false","C110940"
,"0.0","0.0","0",,"false","2415 4046 4192 5012 5811 6198 6270 6360 6464 6560 6616 6736 6881 6900 6917 6942 6945 6991 6994 7161 7203 7217 7245 7257 7323 7781 7782 7783","4.807","28","C110941","false","C110941"
,"0.0","0.0","0",,"false","1982 2677 4023 4536 4989 5136 5298 5391 5694 6471 6525 6609 6790 6886 6912 6965 6984 6990 6995 7011 7036 7037 7040 8088 8089 8213 840","4.755","27","C110942","false","C110942"
,"0.0","0.0","0",,"false","1869 2083 2288 2290 2324 2614 2711 2995 3481 3508 3531 3532 3543 3548 3561 3567 3653 3654 3671 3678 3680 3737 3822 3848 3849 3856 3867","4.755","27","C110943","false","C110943"
,"0.0","0.0","0",,"false","1060 1064 2278 2917 3433 3462 3603 3801 3803 4212 4255 4342 4551 4688 4773 4774 4776 4901 4931 4932 4933 4950 4951 4962 5362 5526 6589","4.755","27","C110944","false","C110944"
,"0.0","0.0","0",,"false","1194 1196 149 151 292 310 336 345 371 430 567 568 569 571 572 573 574 585 597 598 599 688 690 944 945 990 991","4.755","27","C110945","false","C110945"
,"0.0","0.0","0",,"false","2489 2490 2549 2744 4326 4797 5187 5263 5301 5334 5419 5457 5640 5691 5705 5720 5721 5784 5860 5864 5866 5868 5907 5962 5972 5973 6021","4.755","27","C110946","false","C110946"
,"0.0","0.0","0",,"false","1706 2114 2476 2704 2901 2933 3034 3047 3049 3051 3052 3054 3056 3068 3077 3085 3086 3091 3093 3097 3099 3145 3834 3836 3837 3882 4644","4.755","27","C110947","false","C110947"
,"0.0","0.0","0",,"false","1530 1835 2115 2502 2505 2936 5172 5771 5828 5982 6457 7472 7853 8112 8140 8141 8142 8144 8177 8178 8179 8180 8181 8182 8183 8184 8186","4.755","27","C110948","false","C110948"
,"0.0","0.0","0",,"false","1548 1807 1874 1876 1937 2033 2188 3190 3270 4276 4630 4862 4870 5254 5510 5511 5512 5541 5657 6643 6644 6647 6650 6651 6652 6653 6654","4.755","27","C110949","false","C110949"
,"0.0","0.0","0",,"false","1204 1529 2171 2368 2692 2698 2700 2701 2705 2706 2708 2875 3030 3280 3296 3298 3299 3300 3302 3303 3307 3324 3331 3332 3335 3338 3351","4.755","27","C110950","false","C110950"
,"0.0","0.0","0",,"false","146 147 1912 2016 2371 2819 2988 2989 3026 3033 3059 3173 3174 3596 3597 3599 3622 3754 3858 3862 3863 3864 3865 4256 4283 4284 4285","4.755","27","C110951","false","C110951"
,"0.0","0.0","0",,"false","1338 1346 1355 1404 1405 1406 1407 1408 1409 1410 1411 1412 1421 1526 16 1742 1865 1866 1867 199 2110 2111 22 646 7721 7724","4.7","26","C110952","false","C110952"
,"0.0","0.0","0",,"false","1951 2257 2413 2747 2923 2973 3010 3055 3114 3282 3482 3523 3528 3604 3611 3628 3629 3674 3675 3676 3677 3715 3769 3840 3841 539","4.7","26","C110953","false","C110953"
,"0.0","0.0","0",,"false","4926 5125 6627 6633 6634 6636 6648 6776 6801 6854 6855 7050 7062 7094 7095 7625 7929 8054 8157 8244 8245 8252 8253 8254 8255 8256","4.7","26","C110954","false","C110954"
,"0.0","0.0","0",,"false","1154 1271 1282 1354 1592 2113 2174 2340 2419 2420 2435 2509 2546 2638 2728 2757 2769 2770 2771 2772 2773 2788 2801 2899 305","4.644","25","C110955","false","C110955"
,"0.0","0.0","0",,"false","1244 3634 3925 5333 5335 5644 5914 5966 6024 6192 6220 6251 6262 6263 6264 6265 6273 6275 6276 6281 6282 6544 6546 6547 8295","4.644","25","C110956","false","C110956"
,"0.0","0.0","0",,"false","1183 1184 1306 1705 1808 1991 2077 2186 2227 2375 2434 2472 2599 2791 2792 2834 2840 2858 2913 2916 2922 2960 2961 2962 2963","4.644","25","C110957","false","C110957"
,"0.0","0.0","0",,"false","1393 2236 2251 2325 2356 2662 2703 2707 2912 3006 3019 3020 3021 3022 3071 3072 3074 3076 3162 3202 3203 3204 3288 3322 3363","4.644","25","C110958","false","C110958"
,"0.0","0.0","0",,"false","15 1572 1581 2566 2567 2835 388 4903 4906 4912 4914 6178 6181 6183 6185 6186 6187 6188 6191 6193 6199 6203 6205 6206 8292","4.644","25","C110959","false","C110959"
,"0.0","0.0","0",,"false","2609 2620 4767 4874 4988 6000 6118 6424 6466 6467 6468 6469 6479 6500 6565 6566 6625 6709 7485 7486 7487 7826 7827 7828","4.585","24","C110960","false","C110960"
,"0.0","0.0","0",,"false","1879 2839 3600 4197 4257 4412 5531 5813 5823 6054 6416 6417 6442 6695 6696 6753 6885 7270 7416 7417 7418 7419 7420 7422","4.585","24","C110961","false","C110961"
,"0.0","0.0","0",,"false","1200 1202 1690 1692 2053 2778 2779 2780 2781 2833 2862 2863 2866 2876 2877 2879 2880 2881 2882 2884 2885 2929 2930 3138","4.585","24","C110962","false","C110962"
,"0.0","0.0","0",,"false","1381 1457 213 2696 3087 3192 3748 3794 4274 4275 4277 4278 4279 4280 4415 4681 4749 4750 4752 4753 4754 4819 4820 5026","4.585","24","C110963","false","C110963"
,"0.0","0.0","0",,"false","2379 3249 3367 3615 3631 3819 3912 4013 4020 4076 4123 4136 4228 4229 4231 4233 4238 4259 4260 4263 4267 4269 7184 7187","4.585","24","C110964","false","C110964"
,"0.0","0.0","0",,"false","1680 2387 3460 3673 4315 4674 4683 4718 4726 5033 5152 5194 5195 5197 5198 5202 5204 5267 5277 5278 5352 5353 5354 5355","4.585","24","C110965","false","C110965"
,"0.0","0.0","0",,"false","1339 1383 1384 1387 1388 1389 1590 1591 1593 2715 2716 2717 2718 2751 4048 4049 4174 4176 4177 4178 4179 423 969","4.524","23","C110966","false","C110966"
,"0.0","0.0","0",,"false","222 2386 3092 4070 4329 4429 4468 4636 5017 5117 5118 5135 5241 5242 5244 5245 5400 5647 5649 5661 5682 5683 5706","4.524","23","C110967","false","C110967"
,"0.0","0.0","0",,"false","2605 3390 3393 4653 4986 5184 5190 5324 5469 5470 5481 5623 5633 5635 5637 5648 5650 5659 5674 5675 5689 5690 5693","4.524","23","C110968","false","C110968"
,"0.0","0.0","0",,"false","3806 3943 3944 3960 4508 5072 5327 5328 5329 5330 5360 5405 5475 5476 5751 5752 608 6165 6414 6537 6567 6606 7151","4.524","23","C110969","false","C110969"
,"0.0","0.0","0",,"false","3191 3922 4144 5321 5361 5624 5625 5626 5628 5629 5782 5938 5939 5942 5967 5992 5993 5994 5997 6168 6791 6816 896","4.524","23","C110970","false","C110970"
,"0.0","0.0","0",,"false","1267 172 2012 2014 2135 2225 2683 2690 2737 3062 3095 3098 3126 3199 3225 3226 3228 3240 3241 3243 3253 3285 4900","4.524","23","C110971","false","C110971"
,"0.0","0.0","0",,"false","4310 5484 5485 5548 5550 5554 5555 5673 6044 6046 6048 6050 6051 6052 6053 6905 6908 6909 6910 6915 8009 8011 8013","4.524","23","C110972","false","C110972"
,"0.0","0.0","0",,"false","1613 2221 2222 2223 3683 4103 4798 4799 5246 5260 5887 6109 6379 6380 7153 7980 8005 8068 8131 8146 8147 8148","4.459","22","C110973","false","C110973"
,"0.0","0.0","0",,"false","1814 2177 2547 2724 2796 2944 2945 2946 2949 2950 2965 2966 2977 2991 2992 2993 3046 3048 3050 3151 3152 59","4.459","22","C110974","false","C110974"
,"0.0","0.0","0",,"false","1667 3340 3989 4915 5024 5404 6069 6126 6141 6142 6143 6144 6145 6147 6148 6155 6157 6158 6164 7220 7221 7491","4.459","22","C110975","false","C110975"
,"0.0","0.0","0",,"false","1766 1964 2172 2182 2230 2274 2370 2372 2374 2418 2462 2484 2491 2492 2493 2494 2495 2496 2794 3080 332 744","4.459","22","C110976","false","C110976"
,"0.0","0.0","0",,"false","1539 1803 2931 5655 5704 6149 6226 6495 6622 6623 7107 7146 7273 7316 7440 7534 7673 7729 7730 7732 7734","4.392","21","C110977","false","C110977"
,"0.0","0.0","0",,"false","3210 4706 4792 4823 4825 5000 5001 6951 7609 7636 7812 7837 7839 7881 7899 7909 7991 8006 8007 8077 8079","4.392","21","C110978","false","C110978"
,"0.0","0.0","0",,"false","1832 2210 2560 2655 2969 2980 3023 3735 3850 3924 3949 3966 3967 4000 4006 4008 4015 4016 4058 6543 662","4.392","21","C110979","false","C110979"
,"0.0","0.0","0",,"false","1157 1946 2842 3486 3530 3617 3620 3621 3908 4148 4304 4305 4306 4307 4340 4343 4344 4345 4346 4348 4349","4.392","21","C110980","false","C110980"
,"0.0","0.0","0",,"false","1207 3563 4082 4846 5180 5181 5182 5382 5472 5479 5567 5568 5576 5606 5832 5833 5837 5848 5863 5981 6516","4.392","21","C110981","false","C110981"
,"0.0","0.0","0",,"false","203 2041 2542 2860 3001 3018 3119 3211 3255 3304 3395 3396 3397 3398 3400 3401 3403 3405 3407 3408 3509","4.392","21","C110982","false","C110982"
,"0.0","0.0","0",,"false","3788 3995 4395 4574 4715 4964 5171 5316 5459 5710 5711 5712 5757 5844 5856 6487 6755 6802 7243 950","4.322","20","C110983","false","C110983"
,"0.0","0.0","0",,"false","3764 4134 4550 5185 5364 5604 5639 5646 6595 6612 6765 6896 6938 6940 6947 6948 6949 6953 6955 6967","4.322","20","C110984","false","C110984"
,"0.0","0.0","0",,"false","1115 1432 1697 1703 1704 1707 1708 1709 1710 1711 2009 2049 2050 2051 2081 2082 230 3250 3251 701","4.322","20","C110985","false","C110985"
,"0.0","0.0","0",,"false","2511 3722 4200 4418 4524 5744 5745 5773 6563 6902 7126 7130 7142 7144 7145 7172 7173 7174 7177 7436","4.322","20","C110986","false","C110986"
,"0.0","0.0","0",,"false","1035 1170 1187 1189 1190 1463 1547 2286 2357 2363 2503 2607 4944 5186 6700 6701 6702 7038 7082 869","4.322","20","C110987","false","C110987"
,"0.0","0.0","0",,"false","3585 5196 5804 6006 6093 6146 6232 6271 6320 6374 6375 6444 6446 6448 6505 6639 6641 6807 6808 6809","4.322","20","C110988","false","C110988"
,"0.0","0.0","0",,"false","3656 4431 4476 5013 525 5280 5281 5282 5283 5284 5287 5288 5447 5448 5449 5926 6055 7192 7193 8139","4.322","20","C110989","false","C110989"
,"0.0","0.0","0",,"false","2903 3354 4116 4117 4282 4785 4787 4789 4790 4791 4793 4794 4796 5984 6319 6533 6534 6535 6536 6539","4.322","20","C110990","false","C110990"
,"0.0","0.0","0",,"false","2289 3094 3185 3537 3595 3651 3652 3688 4124 4404 4654 4746 4876 4973 5036 5046 5047 5062 5063 5065","4.322","20","C110991","false","C110991"
,"0.0","0.0","0",,"false","2144 2695 3496 3518 3720 3728 3775 3977 4030 4080 4083 4217 4218 4250 4459 4594 4595 4596 4597 8294","4.322","20","C110992","false","C110992"
,"0.0","0.0","0",,"false","2694 4191 4334 4336 4337 4995 4996 5095 5295 5410 5516 5517 5518 5519 5520 5521 5522 5523 5525 5530","4.322","20","C110993","false","C110993"
,"0.0","0.0","0",,"false","3916 4981 5166 6502 6555 6638 7063 7759 7829 7849 7850 7851 7852 7863 7865 7878 7879 7959 7960 7961","4.322","20","C110994","false","C110994"
,"0.0","0.0","0",,"false","2654 2823 2824 2825 3182 3183 3184 3186 3187 3684 3685 3687 3689 3690 3693 3694 3695 3696 3697 3698","4.322","20","C110995","false","C110995"
,"0.0","0.0","0",,"false","1748 2047 3402 3992 4066 4147 4199 4222 4460 4461 4462 4463 4473 4474 4475 4477 4478 4479 4480 4516","4.322","20","C110996","false","C110996"
,"0.0","0.0","0",,"false","1013 1043 1044 1045 1047 1049 1070 1071 1072 1139 1218 1465 2722 2723 2725 400 447 769 808 883","4.322","20","C110997","false","C110997"
,"0.0","0.0","0",,"false","2585 2618 2746 2958 3039 3315 3375 3562 3630 3947 3974 3997 4061 4064 4067 4068 4069 4075 4327 4528","4.322","20","C110998","false","C110998"
,"0.0","0.0","0",,"false","2003 3197 3256 3276 3483 3540 3542 3589 3681 3717 3855 3883 4010 4011 4034 4035 4183 4389 53","4.248","19","C110999","false","C110999"
,"0.0","0.0","0",,"false","5398 5714 6156 6314 6356 6545 6645 6663 6672 6673 6674 6675 6676 6677 6678 6679 6797 6798 6800","4.248","19","C111000","false","C111000"
,"0.0","0.0","0",,"false","1367 1571 1812 2674 3148 3189 3239 3333 3368 3369 3370 3371 3465 3506 3610 3618 3619 4014 856","4.248","19","C111001","false","C111001"
,"0.0","0.0","0",,"false","2215 2699 3106 3345 4709 5247 5248 5249 6450 6451 6453 6454 6455 6458 6459 6764 7103 7106 7108","4.248","19","C111002","false","C111002"
,"0.0","0.0","0",,"false","1358 4884 5028 6127 6665 6729 6730 6731 6732 7136 7223 7228 7230 7597 7608 7610 7611 7613 7626","4.248","19","C111003","false","C111003"
,"0.0","0.0","0",,"false","3459 3466 5363 6316 6538 6972 7088 7096 7237 7376 7379 7455 7513 7514 7515 7527 7528 7529 7533","4.248","19","C111004","false","C111004"
,"0.0","0.0","0",,"false","1681 2474 2506 2774 3311 3488 4055 4056 4057 4165 4166 5269 5311 6347 6348 6349 6350 6818 6819","4.248","19","C111005","false","C111005"
,"0.0","0.0","0",,"false","3334 4669 4855 5466 5801 6975 7113 7255 7407 7427 7428 7429 7430 7431 7439 7953 909 938","4.17","18","C111006","false","C111006"
,"0.0","0.0","0",,"false","3366 4272 4777 5020 5075 5368 5528 5565 5622 5627 5636 5645 5740 5741 5936 6022 6278 6943","4.17","18","C111007","false","C111007"
,"0.0","0.0","0",,"false","1473 3554 3692 3815 4338 4563 5191 5296 5474 5616 5729 5730 5732 5746 5748 5749 5764 5765","4.17","18","C111008","false","C111008"
,"0.0","0.0","0",,"false","2667 2764 2765 3325 3565 3566 5176 5264 5460 5461 5463 5578 5579 5581 5583 6077 6078 898","4.17","18","C111009","false","C111009"
,"0.0","0.0","0",,"false","122 3774 3776 3777 4320 4325 4375 4378 4379 4380 4381 4382 4383 4384 4413 4414 4416 4417","4.17","18","C111010","false","C111010"
,"0.0","0.0","0",,"false","3452 3655 3854 4316 4547 4814 4859 4898 4937 4938 4963 4965 4987 4993 4999 5044 5052 5055","4.17","18","C111011","false","C111011"
,"0.0","0.0","0",,"false","1294 1295 1302 1303 1304 166 313 334 43 545 647 704 877 915 918 951 959 985","4.17","18","C111012","false","C111012"
,"0.0","0.0","0",,"false","1016 1017 1018 1019 2163 2175 2226 2512 2513 2514 2515 2517 4633 4733 565 689 787 873","4.17","18","C111013","false","C111013"
,"0.0","0.0","0",,"false","3090 3667 3971 4098 4201 4202 4203 4204 4205 4206 4207 4208 4209 4210 5515 5594 5595 6530","4.17","18","C111014","false","C111014"
,"0.0","0.0","0",,"false","1004 4665 5011 5189 5207 5285 5305 5312 5504 5505 5506 5566 5761 5840 5841 5842 6301 6302","4.17","18","C111015","false","C111015"
,"0.0","0.0","0",,"false","1535 1601 1602 1603 1604 3176 5890 6230 6391 6392 6393 6395 6396 6397 6399 6400 6407 87","4.17","18","C111016","false","C111016"
,"0.0","0.0","0",,"false","3679 5123 5226 5707 5769 5770 5855 5873 5877 5883 5884 5885 5886 5888 5889 5891 5899 5903","4.17","18","C111017","false","C111017"
,"0.0","0.0","0",,"false","1239 2653 2964 2981 3326 3373 3512 3714 4038 4039 4042 4043 4078 4119 4120 4155 4162 4163","4.17","18","C111018","false","C111018"
,"0.0","0.0","0",,"false","4240 4241 4242 4243 4244 4245 4246 4247 4295 4500 5598 5599 5600 5601 5602 5603 5652 5653","4.17","18","C111019","false","C111019"
,"0.0","0.0","0",,"false","3073 3557 4151 4433 4558 4562 4662 4666 4667 4668 4670 4672 5571 5572 5573 582 7079 7290","4.17","18","C111020","false","C111020"
,"0.0","0.0","0",,"false","3521 3798 3969 4232 4482 4485 4560 4561 5224 5225 5227 5228 5229 5230 5231 7291 7292","4.087","17","C111021","false","C111021"
,"0.0","0.0","0",,"false","3404 3808 4486 4533 5078 5255 5323 5336 5337 5339 5341 5726 6252 6253 6254 6255 6656","4.087","17","C111022","false","C111022"
,"0.0","0.0","0",,"false","3274 4221 4363 4483 4894 5462 5467 5577 5592 5620 5718 5961 6027 6088 6225 6269 8296","4.087","17","C111023","false","C111023"
,"0.0","0.0","0",,"false","1500 1675 180 1944 1956 2469 2556 2558 2561 2562 2563 2776 2777 3193 5251 5252 5253","4.087","17","C111024","false","C111024"
,"0.0","0.0","0",,"false","1003 1062 1230 1254 1255 1256 1257 1258 1561 1822 1880 1921 2330 2331 2333 710 8289","4.087","17","C111025","false","C111025"
,"0.0","0.0","0",,"false","1864 328 376 409 645 706 728 800 811 815 817 829 830 832 835 874 875","4.087","17","C111026","false","C111026"
,"0.0","0.0","0",,"false","5800 6488 6494 6628 6867 6870 6873 6899 6920 6933 6981 6982 7134 7371 7373 7567 8025","4.087","17","C111027","false","C111027"
,"0.0","0.0","0",,"false","3885 5446 5952 7002 7176 7518 7615 7616 7617 7619 7620 7945 7946 8111 8155 8158 8159","4.087","17","C111028","false","C111028"
,"0.0","0.0","0",,"false","226 2841 307 309 316 318 322 416 455 4611 501 502 5695 5698 72 965 966","4.087","17","C111029","false","C111029"
,"0.0","0.0","0",,"false","2851 3571 5102 5103 5105 5106 5922 5924 5925 6073 6074 6875 7251 7252 7297 8166 8167","4.087","17","C111030","false","C111030"
,"0.0","0.0","0",,"false","2354 2822 3598 4765 4833 5286 5343 5344 5345 5346 5347 5348 5365 5366 5367 5442","4.0","16","C111031","false","C111031"
,"0.0","0.0","0",,"false","1474 2595 2657 3016 3624 3725 3757 3758 3759 3760 3761 3810 3811 3999 4005 4946","4.0","16","C111032","false","C111032"
,"0.0","0.0","0",,"false","4626 5085 5819 5880 6658 6780 7020 7425 8023 8069 8070 8071 8072 8084 8086 8087","4.0","16","C111033","false","C111033"
,"0.0","0.0","0",,"false","1498 2619 3752 3959 3962 4886 5686 7605 7650 7768 7882 7883 7884 7915 7916 8033","4.0","16","C111034","false","C111034"
,"0.0","0.0","0",,"false","3642 5121 5589 6130 6133 6134 6135 6160 6161 6291 6292 6293 6294 6295 6296 6297","4.0","16","C111035","false","C111035"
,"0.0","0.0","0",,"false","1570 2214 2978 3061 3070 3131 3132 3133 3134 3135 3136 3158 3159 3160 3163 3164","4.0","16","C111036","false","C111036"
,"0.0","0.0","0",,"false","2134 2719 3110 3317 3519 3568 3661 3800 3978 3979 4137 4289 4321 4323 4357 534","4.0","16","C111037","false","C111037"
,"0.0","0.0","0",,"false","1065 1757 1792 1828 1838 1844 1845 1846 1849 1852 1853 1920 1973 2059 2060 244","4.0","16","C111038","false","C111038"
,"0.0","0.0","0",,"false","2908 2940 5233 5553 6004 6313 6315 6767 6782 7162 7163 7254 7321 7382 7383 7392","4.0","16","C111039","false","C111039"
,"0.0","0.0","0",,"false","1246 1308 1309 1311 1312 1313 1372 1634 1635 640 644 77 796 797 816 984","4.0","16","C111040","false","C111040"
,"0.0","0.0","0",,"false","2170 2544 3014 3839 3904 3905 3906 3907 4312 4582 4583 4615 4617 4705 4727 4728","4.0","16","C111041","false","C111041"
,"0.0","0.0","0",,"false","2680 3601 4036 4530 5037 5150 5175 5452 5454 5680 5703 5743 5852 5853 5854 6752","4.0","16","C111042","false","C111042"
,"0.0","0.0","0",,"false","212 2127 2349 2606 2610 2615 2616 2624 2625 3129 3268 3269 3272 3273 3277 3281","4.0","16","C111043","false","C111043"
,"0.0","0.0","0",,"false","3586 4974 5351 5534 5638 5836 5882 5983 5985 5986 5987 5989 5990 5991 6680","3.907","15","C111044","false","C111044"
,"0.0","0.0","0",,"false","4966 5002 6443 6727 6728 7409 7493 7517 7601 7644 7645 7646 7653 7986 8133","3.907","15","C111045","false","C111045"
,"0.0","0.0","0",,"false","1042 1100 1961 3004 3443 3742 3743 4592 4593 4622 4623 4624 4627 4629 5133","3.907","15","C111046","false","C111046"
,"0.0","0.0","0",,"false","4488 4713 5276 5955 6047 6123 6517 6568 6607 6828 6829 7170 7204 7403 7404","3.907","15","C111047","false","C111047"
,"0.0","0.0","0",,"false","2294 2569 2593 2631 2632 2671 2673 2727 2838 2990 3063 3081 3082 3083 7735","3.907","15","C111048","false","C111048"
,"0.0","0.0","0",,"false","4130 4885 4948 4983 5031 5032 5388 7019 7843 7860 7862 7864 8055 8056 8057","3.907","15","C111049","false","C111049"
,"0.0","0.0","0",,"false","1215 1359 2153 2417 2594 3275 3339 3341 3342 3344 3410 7165 7166 7167 7168","3.907","15","C111050","false","C111050"
,"0.0","0.0","0",,"false","5199 6518 6772 7012 7279 7326 7480 7481 7769 7910 7944 7949 7950 8020 8021","3.907","15","C111051","false","C111051"
,"0.0","0.0","0",,"false","1135 1179 1380 1413 1454 1455 1456 1458 1459 1460 1461 1464 1468 1476 176","3.907","15","C111052","false","C111052"
,"0.0","0.0","0",,"false","3827 4095 4096 4097 4100 4104 4105 4106 4107 4108 4109 4110 4566 4783 825","3.907","15","C111053","false","C111053"
,"0.0","0.0","0",,"false","1730 2072 2282 2378 2391 2392 2393 2394 2395 2396 2397 2400 2426 2571 854","3.907","15","C111054","false","C111054"
,"0.0","0.0","0",,"false","1021 1025 1026 552 6734 7199 7402 7415 7576 7577 7581 7629 7630 7632 850","3.907","15","C111055","false","C111055"
,"0.0","0.0","0",,"false","5038 5827 5857 6327 6501 6605 6632 6880 7154 7155 7156 7157 7158 7159 7160","3.907","15","C111056","false","C111056"
,"0.0","0.0","0",,"false","1521 1743 1744 1745 1746 3435 3702 3703 3704 3705 3706 3707 403 404 804","3.907","15","C111057","false","C111057"
,"0.0","0.0","0",,"false","2564 3910 3982 4591 5356 5357 5358 5587 5588 5965 6337 6389 6895 6897","3.807","14","C111058","false","C111058"
,"0.0","0.0","0",,"false","1607 1659 1660 1661 2433 4523 4580 4934 6381 6519 6520 6521 8027 8028","3.807","14","C111059","false","C111059"
,"0.0","0.0","0",,"false","1369 1370 2729 2730 2731 2734 3755 456 4856 5080 5608 5651 5664 5676","3.807","14","C111060","false","C111060"
,"0.0","0.0","0",,"false","2456 3823 4575 4664 4675 4735 4736 4738 4740 4741 4742 4744 4745 4782","3.807","14","C111061","false","C111061"
,"0.0","0.0","0",,"false","1198 1360 1897 2139 260 285 3305 3411 3412 4816 4817 4952 4953 763","3.807","14","C111062","false","C111062"
,"0.0","0.0","0",,"false","5048 5332 5456 5489 5532 5552 5780 6190 6771 6833 6834 6835 6836 6869","3.807","14","C111063","false","C111063"
,"0.0","0.0","0",,"false","3478 4145 4527 4980 5061 5543 5783 6060 6061 6063 6197 6317 6921 6922","3.807","14","C111064","false","C111064"
,"0.0","0.0","0",,"false","1550 1596 1611 2056 2057 2058 2365 2648 2982 3180 3812 4012 4031 4538","3.807","14","C111065","false","C111065"
,"0.0","0.0","0",,"false","1011 2932 3107 4065 4213 4249 4251 4360 4362 4365 4368 4370 4372 4373","3.807","14","C111066","false","C111066"
,"0.0","0.0","0",,"false","2297 2359 2898 3044 3259 3261 3262 3263 3264 3265 3382 3383 3384 3385","3.807","14","C111067","false","C111067"
,"0.0","0.0","0",,"false","4710 4899 5009 5097 5098 5099 5100 5218 5219 5220 5221 5222 5238 5239","3.807","14","C111068","false","C111068"
,"0.0","0.0","0",,"false","2535 2611 2617 2807 3981 3983 3984 3986 3987 3990 4406 6196 6201 6355","3.807","14","C111069","false","C111069"
,"0.0","0.0","0",,"false","2867 3027 3029 4757 4803 4804 4805 4806 4807 4808 5040 5436 5438 5440","3.807","14","C111070","false","C111070"
,"0.0","0.0","0",,"false","5969 7092 7309 7310 7691 7779 7830 7832 7834 7835 7836 7954 7955 7956","3.807","14","C111071","false","C111071"
,"0.0","0.0","0",,"false","4743 4801 4860 4867 4868 4869 4871 4872 4873 4875 6112 6113 6114 6182","3.807","14","C111072","false","C111072"
,"0.0","0.0","0",,"false","2276 4625 4671 4737 5396 5656 5794 5838 6042 6436 6803 6826 7359","3.7","13","C111073","false","C111073"
,"0.0","0.0","0",,"false","4369 4632 5200 5203 5213 5214 5215 5434 6132 6324 6325 6326 6950","3.7","13","C111074","false","C111074"
,"0.0","0.0","0",,"false","1899 204 3009 3036 3053 3380 3409 3510 3511 3513 3514 3516 3592","3.7","13","C111075","false","C111075"
,"0.0","0.0","0",,"false","1159 2001 3786 4355 5495 5503 5722 5733 5735 5737 5778 6003 6005","3.7","13","C111076","false","C111076"
,"0.0","0.0","0",,"false","1133 3451 3767 4093 4235 4311 4332 4385 4403 4684 4822 4830 4831","3.7","13","C111077","false","C111077"
,"0.0","0.0","0",,"false","103 182 20 2668 2669 275 642 650 657 667 693 694 700","3.7","13","C111078","false","C111078"
,"0.0","0.0","0",,"false","2518 2793 4045 4047 4521 7070 7071 7072 7073 7111 7112 7114 7115","3.7","13","C111079","false","C111079"
,"0.0","0.0","0",,"false","2346 4967 5468 5513 5514 5692 5792 6483 6621 6660 6661 6668 6721","3.7","13","C111080","false","C111080"
,"0.0","0.0","0",,"false","1947 2065 3301 3458 3526 3780 3843 3844 3845 3847 3886 3887 4897","3.7","13","C111081","false","C111081"
,"0.0","0.0","0",,"false","1248 1428 1433 1471 1620 1632 1636 1649 1665 1666 2499 2679 852","3.7","13","C111082","false","C111082"
,"0.0","0.0","0",,"false","1075 1235 1330 1332 1366 1418 2005 227 35 395 415 6903 6904","3.7","13","C111083","false","C111083"
,"0.0","0.0","0",,"false","2381 4297 4428 4442 4509 4581 4943 5071 5086 5087 5088 5091 5092","3.7","13","C111084","false","C111084"
,"0.0","0.0","0",,"false","1051 1629 5070 5096 7570 7773 7777 7778 7808 7948 7974 7975 7976","3.7","13","C111085","false","C111085"
,"0.0","0.0","0",,"false","2307 2352 3024 3112 3113 3115 3117 3878 3895 3896 3952 3953 3955","3.7","13","C111086","false","C111086"
,"0.0","0.0","0",,"false","3015 3498 4534 4837 5415 5630 5750 5768 6010 6175 6176 6177 6236","3.7","13","C111087","false","C111087"
,"0.0","0.0","0",,"false","2440 4598 5067 5584 5612 5958 6179 6718 6719 6720 6735 6738 6739","3.7","13","C111088","false","C111088"
,"0.0","0.0","0",,"false","1034 1164 1482 1495 1585 1622 1816 1952 1962 1980 1988 1989 2000","3.7","13","C111089","false","C111089"
,"0.0","0.0","0",,"false","1079 1081 1083 1861 231 235 264 267 268 271 280 605 727","3.7","13","C111090","false","C111090"
,"0.0","0.0","0",,"false","1007 1009 1023 1027 1038 1039 1040 311 324 707 742 861 994","3.7","13","C111091","false","C111091"
,"0.0","0.0","0",,"false","1185 1644 1717 1870 1871 1873 1948 2002 2004 2052 2069 2570 2627","3.7","13","C111092","false","C111092"
,"0.0","0.0","0",,"false","4532 5173 5342 6681 6958 6978 6979 7060 7727 7919 7920 7921 7931","3.7","13","C111093","false","C111093"
,"0.0","0.0","0",,"false","2328 4121 4122 4125 4131 4132 4133 4135 4139 4143 4146 4153 4154","3.7","13","C111094","false","C111094"
,"0.0","0.0","0",,"false","1203 1301 1307 1426 1427 1429 1430 1431 1436 4090 4091 4092 963","3.7","13","C111095","false","C111095"
,"0.0","0.0","0",,"false","136 425 5943 5950 6208 6421 6551 6670 6725 6805 6996 6997","3.585","12","C111096","false","C111096"
,"0.0","0.0","0",,"false","1048 2612 2644 2645 3439 3479 3515 3538 4215 4351 4358 5808","3.585","12","C111097","false","C111097"
,"0.0","0.0","0",,"false","3449 4929 5016 5120 5416 5417 5477 5478 5480 5507 5508 5509","3.585","12","C111098","false","C111098"
,"0.0","0.0","0",,"false","1310 2967 3877 4085 4086 4186 4187 4434 4826 4827 4978 4979","3.585","12","C111099","false","C111099"
,"0.0","0.0","0",,"false","1522 3242 3762 3809 4313 4449 4450 4451 4452 4453 4492 4510","3.585","12","C111100","false","C111100"
,"0.0","0.0","0",,"false","1416 1684 1769 2697 3096 3108 3146 3147 3156 4969 4971 4972","3.585","12","C111101","false","C111101"
,"0.0","0.0","0",,"false","1134 128 1557 179 1950 2164 304 347 761 914 987 989","3.585","12","C111102","false","C111102"
,"0.0","0.0","0",,"false","580 5806 6032 6724 6756 7294 7341 7343 7400 7413 7414 7913","3.585","12","C111103","false","C111103"
,"0.0","0.0","0",,"false","2623 3284 3504 3921 4751 5077 5081 5083 5084 5240 5956 6279","3.585","12","C111104","false","C111104"
,"0.0","0.0","0",,"false","1291 1875 2102 2103 2104 2105 2106 2224 2815 2996 3011 3017","3.585","12","C111105","false","C111105"
,"0.0","0.0","0",,"false","7171 7502 7545 7546 7549 7550 7553 8043 8061 8193 8214 8238","3.585","12","C111106","false","C111106"
,"0.0","0.0","0",,"false","1188 1376 1379 1382 1452 1453 3744 3745 3875 3923 879 964","3.585","12","C111107","false","C111107"
,"0.0","0.0","0",,"false","2376 5390 5418 5422 5423 5424 6286 6287 6288 6439 6440 6441","3.585","12","C111108","false","C111108"
,"0.0","0.0","0",,"false","2738 3691 4359 5261 5271 6428 6497 6498 7041 7042 7423","3.459","11","C111109","false","C111109"
,"0.0","0.0","0",,"false","1922 2702 2924 2928 3041 3140 3149 3150 3201 4569 5043","3.459","11","C111110","false","C111110"
,"0.0","0.0","0",,"false","1972 2458 4604 5810 6311 6504 6600 6601 6602 6603 6604","3.459","11","C111111","false","C111111"
,"0.0","0.0","0",,"false","5079 5145 5709 6426 6427 7029 7319 7320 7842 7844 7848","3.459","11","C111112","false","C111112"
,"0.0","0.0","0",,"false","4828 4976 5116 5662 5663 5665 6041 6045 6091 6092 6106","3.459","11","C111113","false","C111113"
,"0.0","0.0","0",,"false","3084 3386 3392 3555 3648 3799 3833 3890 3891 3892 827","3.459","11","C111114","false","C111114"
,"0.0","0.0","0",,"false","1365 2886 3238 5051 5702 6383 6598 7663 7664 7854 7855","3.459","11","C111115","false","C111115"
,"0.0","0.0","0",,"false","5763 5814 6221 6666 6697 6698 6699 6703 6987 7024 8058","3.459","11","C111116","false","C111116"
,"0.0","0.0","0",,"false","1606 1679 185 2758 3123 3279 3291 3292 3294 4248 6169","3.459","11","C111117","false","C111117"
,"0.0","0.0","0",,"false","5465 6510 6596 6619 7188 7315 7397 7623 7647 7648 7668","3.459","11","C111118","false","C111118"
,"0.0","0.0","0",,"false","1373 1434 1435 3169 4490 4491 4493 4494 4495 4497 762","3.459","11","C111119","false","C111119"
,"0.0","0.0","0",,"false","1320 1647 2360 2659 3005 3031 3550 3551 3552 3718 417","3.459","11","C111120","false","C111120"
,"0.0","0.0","0",,"false","1645 1648 1694 1695 1698 1699 1701 4909 6219 6723","3.322","10","C111121","false","C111121"
,"0.0","0.0","0",,"false","1872 2411 2939 3078 3469 3524 3529 3668 3669 3765","3.322","10","C111122","false","C111122"
,"0.0","0.0","0",,"false","1357 1734 2691 2948 2987 3111 3124 3128 3130 4954","3.322","10","C111123","false","C111123"
,"0.0","0.0","0",,"false","1940 2323 2830 2998 3003 3007 3008 3750 3821 3914","3.322","10","C111124","false","C111124"
,"0.0","0.0","0",,"false","1020 1809 1856 1859 1860 3246 3247 3248 583 633","3.322","10","C111125","false","C111125"
,"0.0","0.0","0",,"false","1935 2905 3000 3829 3830 3832 6760 6761 724 7426","3.322","10","C111126","false","C111126"
,"0.0","0.0","0",,"false","2287 2630 2947 2968 3467 3468 3471 3473 3487 3489","3.322","10","C111127","false","C111127"
,"0.0","0.0","0",,"false","5019 5022 5104 6128 6150 6151 8091 8093 8095 8096","3.322","10","C111128","false","C111128"
,"0.0","0.0","0",,"false","1995 335 4129 4879 6907 7232 7234 7235 7497 7688","3.322","10","C111129","false","C111129"
,"0.0","0.0","0",,"false","2831 4314 5008 5303 5535 5536 5537 5909 5911 5928","3.322","10","C111130","false","C111130"
,"0.0","0.0","0",,"false","1385 4405 4407 4408 4781 5232 5265 6119 6120 6121","3.322","10","C111131","false","C111131"
,"0.0","0.0","0",,"false","2398 2808 3316 5607 5609 5610 5611 5613 5615 625","3.322","10","C111132","false","C111132"
,"0.0","0.0","0",,"false","1795 2364 3002 3455 3522 4818 4947 5039 5068 5073","3.322","10","C111133","false","C111133"
,"0.0","0.0","0",,"false","1319 1443 1448 1449 1450 1712 1713 1714 2216 3237","3.322","10","C111134","false","C111134"
,"0.0","0.0","0",,"false","3309 3453 3639 4089 4364 4649 4880 5045 5471","3.17","9","C111135","false","C111135"
,"0.0","0.0","0",,"false","3127 3700 3701 3709 3909 3911 3939 465 4760","3.17","9","C111136","false","C111136"
,"0.0","0.0","0",,"false","1789 2786 2787 3795 3796 3797 5035 5183 5192","3.17","9","C111137","false","C111137"
,"0.0","0.0","0",,"false","127 2652 2656 2752 2753 2754 3711 3712 3713","3.17","9","C111138","false","C111138"
,"0.0","0.0","0",,"false","2480 3320 3441 3560 3751 3945 3946 3991 4481","3.17","9","C111139","false","C111139"
,"0.0","0.0","0",,"false","3381 5835 5932 5998 6649 7226 7229 7262 7557","3.17","9","C111140","false","C111140"
,"0.0","0.0","0",,"false","2516 3792 4291 5109 5112 6009 6862 6863 6864","3.17","9","C111141","false","C111141"
,"0.0","0.0","0",,"false","2906 2907 2910 3352 3663 4761 4762 4763 4766","3.17","9","C111142","false","C111142"
,"0.0","0.0","0",,"false","1211 1678 1891 2176 2205 2789 2919 2938 327","3.17","9","C111143","false","C111143"
,"0.0","0.0","0",,"false","1165 1261 1462 1631 1778 1819 1884 1955 546","3.17","9","C111144","false","C111144"
,"0.0","0.0","0",,"false","3290 3919 4576 5193 5539 6064 6346 6630 6806","3.17","9","C111145","false","C111145"
,"0.0","0.0","0",,"false","3965 6344 7696 7703 7704 7705 7706 7707 8019","3.17","9","C111146","false","C111146"
,"0.0","0.0","0",,"false","1297 1488 2382 3306 3374 3376 3727 3730 3733","3.17","9","C111147","false","C111147"
,"0.0","0.0","0",,"false","2217 3103 3457 3609 3785 4552 5395 5426 5631","3.17","9","C111148","false","C111148"
,"0.0","0.0","0",,"false","1024 2264 2856 2857 3198 3889 4975 5499 872","3.17","9","C111149","false","C111149"
,"0.0","0.0","0",,"false","1063 4717 4764 5273 6056 6057 6058 6059 6837","3.17","9","C111150","false","C111150"
,"0.0","0.0","0",,"false","1127 1335 1664 1672 2076 2280 2663 399 579","3.17","9","C111151","false","C111151"
,"0.0","0.0","0",,"false","1068 1125 1142 1322 1356 1527 1735 805 960","3.17","9","C111152","false","C111152"
,"0.0","0.0","0",,"false","1305 4588 4663 4756 4853 4889 4890 4891 4942","3.17","9","C111153","false","C111153"
,"0.0","0.0","0",,"false","1352 1583 1787 1985 1986 1987 2212 2213 314","3.17","9","C111154","false","C111154"
,"0.0","0.0","0",,"false","4813 6461 6561 6710 6711 6713 6715 7866 967","3.17","9","C111155","false","C111155"
,"0.0","0.0","0",,"false","2782 2783 2784 2785 3787 3920 5376 5377 7197","3.17","9","C111156","false","C111156"
,"0.0","0.0","0",,"false","1138 1148 1945 242 407 783 785 786 886","3.17","9","C111157","false","C111157"
,"0.0","0.0","0",,"false","2369 4487 4977 5006 5208 5494 5496 5497 5564","3.17","9","C111158","false","C111158"
,"0.0","0.0","0",,"false","1765 1983 3607 4638 4639 5003 5005 695","3.0","8","C111159","false","C111159"
,"0.0","0.0","0",,"false","1981 2686 2799 3120 3520 3536 3558 3625","3.0","8","C111160","false","C111160"
,"0.0","0.0","0",,"false","3641 5923 6107 6227 6228 6229 6926 6927","3.0","8","C111161","false","C111161"
,"0.0","0.0","0",,"false","398 5772 5796 6001 6747 6883 6884 6890","3.0","8","C111162","false","C111162"
,"0.0","0.0","0",,"false","2064 2066 4128 4190 4194 4195 4236 4237","3.0","8","C111163","false","C111163"
,"0.0","0.0","0",,"false","2277 2883 3897 5435 5562 5797 5803 8175","3.0","8","C111164","false","C111164"
,"0.0","0.0","0",,"false","1623 1896 2342 2344 2345 2348 2649 2650","3.0","8","C111165","false","C111165"
,"0.0","0.0","0",,"false","2256 2541 2817 2818 2821 3038 3042 3043","3.0","8","C111166","false","C111166"
,"0.0","0.0","0",,"false","139 42 653 743 748 908 957 958","3.0","8","C111167","false","C111167"
,"0.0","0.0","0",,"false","2299 3297 6918 7026 7594 8080 8081 8083","3.0","8","C111168","false","C111168"
,"0.0","0.0","0",,"false","1984 4640 4641 4721 4882 5590 5817 5892","3.0","8","C111169","false","C111169"
,"0.0","0.0","0",,"false","4795 4881 5089 6298 6328 6366 6408 6409","3.0","8","C111170","false","C111170"
,"0.0","0.0","0",,"false","1001 1002 1014 499 789 795 933 999","3.0","8","C111171","false","C111171"
,"0.0","0.0","0",,"false","5980 6305 6532 6553 6613 6614 6617 6768","3.0","8","C111172","false","C111172"
,"0.0","0.0","0",,"false","1199 1242 1496 1677 1736 1739 1740 1741","3.0","8","C111173","false","C111173"
,"0.0","0.0","0",,"false","1166 1323 2007 2401 2402 3602 900","2.807","7","C111174","false","C111174"
,"0.0","0.0","0",,"false","2037 5524 6066 6067 6111 6935 6936","2.807","7","C111175","false","C111175"
,"0.0","0.0","0",,"false","1799 3181 5684 5798 5815 6378 6871","2.807","7","C111176","false","C111176"
,"0.0","0.0","0",,"false","3037 3089 4149 5930 5931 5937 5941","2.807","7","C111177","false","C111177"
,"0.0","0.0","0",,"false","2658 5933 6174 6445 7770 7914 7985","2.807","7","C111178","false","C111178"
,"0.0","0.0","0",,"false","3658 4126 5386 6624 7035 7476 7512","2.807","7","C111179","false","C111179"
,"0.0","0.0","0",,"false","1990 2693 2941 3549 3657 4352 4354","2.807","7","C111180","false","C111180"
,"0.0","0.0","0",,"false","2497 3252 3258 3547 3900 3901 3903","2.807","7","C111181","false","C111181"
,"0.0","0.0","0",,"false","1395 2152 2179 2180 2181 2201 2202","2.807","7","C111182","false","C111182"
,"0.0","0.0","0",,"false","4824 5289 5290 5291 5310 7501 7503","2.807","7","C111183","false","C111183"
,"0.0","0.0","0",,"false","1000 1781 1782 2410 2507 3153 3154","2.807","7","C111184","false","C111184"
,"0.0","0.0","0",,"false","457 6683 6684 6685 6686 7034 7957","2.807","7","C111185","false","C111185"
,"0.0","0.0","0",,"false","2200 2254 2412 2498 2504 2543 2551","2.807","7","C111186","false","C111186"
,"0.0","0.0","0",,"false","2871 3749 4427 4439 4444 4445 4446","2.807","7","C111187","false","C111187"
,"0.0","0.0","0",,"false","1097 1885 2367 2471 2475 3155","2.585","6","C111188","false","C111188"
,"0.0","0.0","0",,"false","2485 3746 3747 3753 5789 5790","2.585","6","C111189","false","C111189"
,"0.0","0.0","0",,"false","3881 4335 4935 5666 5669 5670","2.585","6","C111190","false","C111190"
,"0.0","0.0","0",,"false","1700 1918 2322 2399 2957 820","2.585","6","C111191","false","C111191"
,"0.0","0.0","0",,"false","1098 7998 7999 8000 8001 8002","2.585","6","C111192","false","C111192"
,"0.0","0.0","0",,"false","5179 7642 7930 7932 7934 7935","2.585","6","C111193","false","C111193"
,"0.0","0.0","0",,"false","2565 3353 3851 4328 5910 7065","2.585","6","C111194","false","C111194"
,"0.0","0.0","0",,"false","4099 5685 5687 5688 6477 6478","2.585","6","C111195","false","C111195"
,"0.0","0.0","0",,"false","2576 3436 3437 3438 3440 5717","2.585","6","C111196","false","C111196"
,"0.0","0.0","0",,"false","1444 1445 1446 173 2218 2219","2.585","6","C111197","false","C111197"
,"0.0","0.0","0",,"false","1329 1637 1638 2748 2749 90","2.585","6","C111198","false","C111198"
,"0.0","0.0","0",,"false","2068 2125 2145 2194 2242 2243","2.585","6","C111199","false","C111199"
,"0.0","0.0","0",,"false","1670 2120 2121 2165 2797 6321","2.585","6","C111200","false","C111200"
,"0.0","0.0","0",,"false","2889 4712 5029 5428 5429 5430","2.585","6","C111201","false","C111201"
,"0.0","0.0","0",,"false","2935 3209 3447 4815 5057 5058","2.585","6","C111202","false","C111202"
,"0.0","0.0","0",,"false","2970 2971 2972 4866 5069","2.322","5","C111203","false","C111203"
,"0.0","0.0","0",,"false","109 2414 6376 6787 6788","2.322","5","C111204","false","C111204"
,"0.0","0.0","0",,"false","1729 1754 2028 2559 3075","2.322","5","C111205","false","C111205"
,"0.0","0.0","0",,"false","346 3835 4150 4651 4759","2.322","5","C111206","false","C111206"
,"0.0","0.0","0",,"false","1058 338 66 784 970","2.322","5","C111207","false","C111207"
,"0.0","0.0","0",,"false","1958 1959 1960 1963 24","2.322","5","C111208","false","C111208"
,"0.0","0.0","0",,"false","737 7522 7523 7524 7525","2.322","5","C111209","false","C111209"
,"0.0","0.0","0",,"false","6687 6688 6689 6690 6691","2.322","5","C111210","false","C111210"
,"0.0","0.0","0",,"false","2775 4059 5018 5785 5786","2.322","5","C111211","false","C111211"
,"0.0","0.0","0",,"false","2097 2126 2131 2132 993","2.322","5","C111212","false","C111212"
,"0.0","0.0","0",,"false","1232 722 973 976 977","2.322","5","C111213","false","C111213"
,"0.0","0.0","0",,"false","5697 6960 6961 6962 6963","2.322","5","C111214","false","C111214"
,"0.0","0.0","0",,"false","1823 5188 5862 6170 6272","2.322","5","C111215","false","C111215"
,"0.0","0.0","0",,"false","1247 1733 298 5431 5793","2.322","5","C111216","false","C111216"
,"0.0","0.0","0",,"false","1037 1993 2136 2137 946","2.322","5","C111217","false","C111217"
,"0.0","0.0","0",,"false","4319 4333 4647 5397 5412","2.322","5","C111218","false","C111218"
,"0.0","0.0","0",,"false","3394 3719 4007 4290 4292","2.322","5","C111219","false","C111219"
,"0.0","0.0","0",,"false","4441 4619 4620 6162","2.0","4","C111220","false","C111220"
,"0.0","0.0","0",,"false","4896 6081 6083 68","2.0","4","C111221","false","C111221"
,"0.0","0.0","0",,"false","1862 290 3025 3066","2.0","4","C111222","false","C111222"
,"0.0","0.0","0",,"false","1504 1630 1633 3278","2.0","4","C111223","false","C111223"
,"0.0","0.0","0",,"false","1492 1537 1574 1575","2.0","4","C111224","false","C111224"
,"0.0","0.0","0",,"false","2326 3659 4188 4411","2.0","4","C111225","false","C111225"
,"0.0","0.0","0",,"false","1549 2904 3102 3104","2.0","4","C111226","false","C111226"
,"0.0","0.0","0",,"false","1472 2281 907 996","2.0","4","C111227","false","C111227"
,"0.0","0.0","0",,"false","2651 3312 3314 3318","2.0","4","C111228","false","C111228"
,"0.0","0.0","0",,"false","2790 3475 4567 4720","2.0","4","C111229","false","C111229"
,"0.0","0.0","0",,"false","36 4303 812","1.585","3","C111230","false","C111230"
,"0.0","0.0","0",,"false","3032 4470 4471","1.585","3","C111231","false","C111231"
,"0.0","0.0","0",,"false","1210 2167 2168","1.585","3","C111232","false","C111232"
,"0.0","0.0","0",,"false","2161 2409 71","1.585","3","C111233","false","C111233"
,"0.0","0.0","0",,"false","2240 2487 4225","1.585","3","C111234","false","C111234"
,"0.0","0.0","0",,"false","2688 5141 5216","1.585","3","C111235","false","C111235"
,"0.0","0.0","0",,"false","2660 2951 3267","1.585","3","C111236","false","C111236"
,"0.0","0.0","0",,"false","1847 2510 2628","1.585","3","C111237","false","C111237"
,"0.0","0.0","0",,"false","2713 4170 4171","1.585","3","C111238","false","C111238"
,"0.0","0.0","0",,"false","8074 8075 8076","1.585","3","C111239","false","C111239"
,"0.0","0.0","0",,"false","5802 6470 6472","1.585","3","C111240","false","C111240"
,"0.0","0.0","0",,"false","7465 7466 7467","1.585","3","C111241","false","C111241"
,"0.0","0.0","0",,"false","7031 7032 7033","1.585","3","C111242","false","C111242"
,"0.0","0.0","0",,"false","3613 3614 3616","1.585","3","C111243","false","C111243"
,"0.0","0.0","0",,"false","1055 1466 1597","1.585","3","C111244","false","C111244"
,"0.0","0.0","0",,"false","1151 1994 1996","1.585","3","C111245","false","C111245"
,"0.0","0.0","0",,"false","1470 1857 1941","1.585","3","C111246","false","C111246"
,"0.0","0.0","0",,"false","11 486 8286","1.585","3","C111247","false","C111247"
,"0.0","0.0","0",,"false","3456 5542","1.0","2","C111248","false","C111248"
,"0.0","0.0","0",,"false","3825 988","1.0","2","C111249","false","C111249"
,"0.0","0.0","0",,"false","1608 2482","1.0","2","C111250","false","C111250"
,"0.0","0.0","0",,"false","2900 3143","1.0","2","C111251","false","C111251"
,"0.0","0.0","0",,"false","8014 8015","1.0","2","C111252","false","C111252"
,"0.0","0.0","0",,"false","7981 7982","1.0","2","C111253","false","C111253"
,"0.0","0.0","0",,"false","7972 7973","1.0","2","C111254","false","C111254"
,"0.0","0.0","0",,"false","7494 7495","1.0","2","C111255","false","C111255"
,"0.0","0.0","0",,"false","7194 7195","1.0","2","C111256","false","C111256"
,"0.0","0.0","0",,"false","7190 7191","1.0","2","C111257","false","C111257"
,"0.0","0.0","0",,"false","6266 6267","1.0","2","C111258","false","C111258"
,"0.0","0.0","0",,"false","6258 6259","1.0","2","C111259","false","C111259"
,"0.0","0.0","0",,"false","6100 6101","1.0","2","C111260","false","C111260"
,"0.0","0.0","0",,"false","6089 6090","1.0","2","C111261","false","C111261"
,"0.0","0.0","0",,"false","6002 6025","1.0","2","C111262","false","C111262"
,"0.0","0.0","0",,"false","5970 5971","1.0","2","C111263","false","C111263"
,"0.0","0.0","0",,"false","5766 5767","1.0","2","C111264","false","C111264"
,"0.0","0.0","0",,"false","5678 5679","1.0","2","C111265","false","C111265"
,"0.0","0.0","0",,"false","5413 5414","1.0","2","C111266","false","C111266"
,"0.0","0.0","0",,"false","4540 4541","1.0","2","C111267","false","C111267"
,"0.0","0.0","0",,"false","4167 4168","1.0","2","C111268","false","C111268"
,"0.0","0.0","0",,"false","3244 3245","1.0","2","C111269","false","C111269"
,"0.0","0.0","0",,"false","3194 3195","1.0","2","C111270","false","C111270"
,"0.0","0.0","0",,"false","1374 2739","1.0","2","C111271","false","C111271"
,"0.0","0.0","0",,"false","2304 2305","1.0","2","C111272","false","C111272"
,"0.0","0.0","0",,"false","1971 766","1.0","2","C111273","false","C111273"
